,Name_of_Covered_Entity,State,year,Individuals_Affected,Type_of_Breach,Location_of_Breached_Information,Date_Posted_or_Updated,
1,Brooke Army Medical Center,TX,2009,1000,Theft,Paper,30/06/2014,
2,"Mid America Kidney Stone Association, LLC",MO,2009,1000,Theft,Network Server,30/05/2014,
3,Alaska Department of Health and Social Services,AK,2009,501,Theft,"Other Portable Electronic Device, Other",23/01/2014,
4,"Health Services for Children with Special Needs, Inc.",DC,2009,3800,Loss,Laptop,23/01/2014,
5,"L. Douglas Carlson, M.D.",CA,2009,5257,Theft,Desktop Computer,23/01/2014,
6,"David I. Cohen, MD",CA,2009,857,Theft,Desktop Computer,23/01/2014,
7,"Michele Del Vicario, MD",CA,2009,6145,Theft,Desktop Computer,23/01/2014,
8,"Joseph F. Lopez, MD",CA,2009,952,Theft,Desktop Computer,23/01/2014,
9,"Mark D. Lurie, MD",CA,2009,5166,Theft,Desktop Computer,23/01/2014,
10,City of Hope National Medical Center,CA,2009,5900,Theft,Laptop,23/01/2014,
11,The Children's Hospital of Philadelphia,PA,2009,943,Theft,Laptop,23/01/2014,
12,"Cogent Healthcare of Wisconsin, S.C.",TN,2009,6400,Theft,Laptop,23/04/2014,
13,Universal American,NY,2009,83000,Other,Paper,23/01/2014,
14,Kern Medical Center,CA,2009,596,Theft,Other,23/01/2014,
15,"Keith W. Mann, DDS, PLLC",NC,2009,2000,Hacking/IT Incident,"Desktop Computer, Network Server, Electronic Medical Record",23/01/2014,
16,Detroit Department of Health and Wellness Promotion,MI,2009,10000,Theft,Other Portable Electronic Device,23/01/2014,
17,Detroit Department of Health and Wellness Promotion,MI,2009,646,Theft,"Laptop, Desktop Computer",23/01/2014,
18,"University of California, San Francisco",CA,2009,610,Other,E-mail,23/01/2014,
19,Daniel J. Sigman MD PC,MA,2009,1860,Theft,"Other Portable Electronic Device, Other, Electronic Medical Record",23/01/2014,
20,Massachusetts Eye and Ear Infirmary,MA,2009,1076,Theft,Other,23/01/2014,
21,BlueCross BlueShield Association,DC,2009,3400,Theft,Paper,30/06/2014,
22,BlueCross BlueShield Association,DC,2009,15000,Theft,Paper,24/04/2014,
23,Kaiser Permanente Medical Care Program,CA,2009,15500,Theft,"Other Portable Electronic Device, Other",23/01/2014,
24,Blue Island Radiology Consultants,IL,2009,2562,Theft,Other,30/06/2014,
25,"Goodwill Industries of Greater Grand Rapids, Inc.",MI,2009,10000,Theft,Other,23/01/2014,
26,Children's Medical Center of Dallas,TX,2009,3800,Loss,"Other Portable Electronic Device, Other",23/01/2014,
27,Concentra,TX,2009,900,Theft,Laptop,23/01/2014,
28,Ashley and Gray DDS,MO,2010,9309,Theft,Desktop Computer,23/01/2014,
29,Advocate Health Care,IL,2009,812,Theft,Laptop,23/01/2014,
30,The Methodist Hospital,TX,2010,689,Theft,Other,23/01/2014,
31,"University of California, San Francisco",CA,2009,7300,Theft,Laptop,23/01/2014,
32,Carle Clinic Association,IL,2010,1300,Theft,"Other, Paper",23/01/2014,
33,Educators Mutual Insurance Association of Utah ,UT,2009,5700,Theft,Other,23/01/2014,
34,University Medical Center of Southern Nevada,NV,2009,5103,Theft,Paper,23/01/2014,
35,Center for Neurosciences,AZ,2009,1100,Theft,Laptop,23/01/2014,
36,Brown University,RI,2009,528,Other,Paper,23/01/2014,
37,MMM Heath Care Inc. ,PR,2010,1907,Theft,Paper,03/06/2014,
38,PMC Medicare Choice,PR,2010,605,Theft,Paper,03/06/2014,
39,Cardiology Consultants/Baptist Health Care Corporation,FL,2009,8000,Theft,Desktop Computer,30/06/2014,
40,"State of TN, Bureau of TennCare",TN,2009,3900,Theft,Paper,24/06/2014,
41,Lucille Packard Children's Hospital,CA,2010,532,Other,Desktop Computer,23/01/2014,
42,University of New Mexico Health Sciences Center,NM,2010,1900,Other,Desktop Computer,23/01/2014,
43,Advanced NeuroSpinal Care,CA,2009,3500,Theft,Network Server,22/04/2014,
44,Aspen Dental Care P.C.,CO,2009,2500,Theft,Other,30/06/2014,
45,Shands at UF,FL,2010,12580,Theft,Laptop,23/01/2014,
46,Wyoming Department of Health,WY,2009,9023,Unauthorized Access/Disclosure ,Network Server,23/01/2014,
47,Thrivent Financial for Lutherans,WI,2010,9500,Theft,Laptop,23/01/2014,
48,North Carolina Baptist Hospital,NC,2010,554,Theft,Paper,23/01/2014,
49,Montefiore Medical Center,NY,2010,625,Theft,Laptop,03/06/2014,
50,"Ernest T. Bice, Jr. DDS, P.A.",TX,2010,21000,Theft,"Other Portable Electronic Device, Other",23/01/2014,
51,Lee Memorial Health System,FL,2010,3800,Other,Paper,23/01/2014,
52,"Laboratory Corporation of America/Dynacare Northwest, Inc.",WA,2010,5080,Theft,Laptop,23/01/2014,
53,Mount Sinai Medical Center,FL,2010,2600,Theft,Laptop,23/01/2014,
54,Griffin Hospital,CT,2010,957,Hacking/IT Incident,Network Server,23/01/2014,
55,"Hypertension, Nephrology, Dialysis and Transplantation, PC",AL,2010,2465,Theft,Laptop,23/01/2014,
56,Reliant Rehabilitation Hospital North Houston,TX,2010,768,Unauthorized Access/Disclosure ,E-mail,23/01/2014,
57,"Laboratory Corporation of America / US LABS / Dianon Systems, Inc",AZ,2010,2773,Theft,Other Portable Electronic Device,23/01/2014,
58,University of Pittsburgh Student Health Center,PA,2010,8000,"Theft, Loss",Paper,23/01/2014,
59,Providence Hospital,MI,2010,83945,Other,Other,23/01/2014,
60,VHS Genesis Lab Inc. ,IL,2010,6800,Loss,Paper,23/01/2014,
61,John Muir Physician Network,CA,2010,5450,Theft,Laptop,23/01/2014,
62,Beatrice Community Hospital and Health Center,NE,2010,660,Other,Paper,23/01/2014,
63,Pediatric Sports and Spine Associates,TX,2010,955,Theft,Laptop,23/01/2014,
64,"Affinity Health Plan, Inc.",NY,2009,344579,Theft,Other,28/05/2014,
65,Tomah Memorial Hospital,WI,2010,600,Other,Other,23/01/2014,
66,"Praxair Healthcare Services, Inc. (Home Care Supply in NY)",CT,2010,54165,Theft,Laptop,23/01/2014,
67,Massachusetts Eye and Ear Infirmary,MA,2010,3594,Theft,Laptop,23/01/2014,
68,Blue Cross & Blue Shield of Rhode Island,RI,2009,12000,Theft,Paper,30/06/2014,
69,South Carolina Department of Health and Environmental Control,SC,2010,2850,Improper Disposal,Paper,23/01/2014,
70,St. Joseph Heritage Healthcare,CA,2010,22012,Theft,Desktop Computer,23/01/2014,
71,Medical Center At Bowling Green,KY,2010,5148,Theft,"Other Portable Electronic Device, Other",23/01/2014,
72,GENERAL AGENCIES WELFARE BENEFITS PROGRAM,TN,2010,1874,Loss,Other,23/01/2014,
73,UnitedHealth Group health plan single affiliated covered entity,MN,2010,735,Theft,"Other, Paper",23/01/2014,
74,South Texas Veterans Health Care System,TX,2009,1430,"Loss, Improper Disposal",Paper,23/01/2014,
75,Rockbridge Area Community Services,VA,2010,500,Theft,"Laptop, Desktop Computer",23/01/2014,
76,"Emergency Healthcare Physicians, Ltd.",IL,2010,180111,Theft,"Other Portable Electronic Device, Other",23/01/2014,
77,VA Eastern Colorado Health Care System,CO,2010,649,Theft,Paper,19/06/2014,
78,Miami VA Healthcare System,FL,2010,568,Loss,Paper,23/01/2014,
79,"Heriberto Rodriguez-Ayala, M.D.",TX,2010,4200,Theft,Laptop,23/01/2014,
80,Georgetown University Hospital,DC,2010,2416,"Theft, Other","E-mail, Other Portable Electronic Device",23/01/2014,
81,Silicon Valley Eyecare Optometry and Contact Lenses,CA,2010,40000,Theft,Network Server,23/01/2014,
82,Loma Linda University Health Care,CA,2010,584,Theft,Desktop Computer,23/01/2014,
83,Veterans Health Administration,DC,2010,656,Theft,Laptop,23/01/2014,
84,"State of New Mexico Human Services Department, Medical Assistance Division",NM,2010,9600,Theft,Laptop,23/01/2014,
85,Oconee Physician Practices,SC,2010,653,Theft,Laptop,23/01/2014,
86,University of Rochester Medical Center and Affiliates,NY,2010,2628,Other,Paper,23/01/2014,
87,Omaha Construction Industry Health and Welfare Plan,NE,2009,800,Theft,Laptop,23/01/2014,
88,"City of Charlotte, NC (Health Plan)",NC,2010,5220,Loss,Other,23/01/2014,
89,VA North Texas Health Care System,TX,2010,4083,Improper Disposal,Paper,23/01/2014,
90,Rainbow Hospice and Palliative Care,IL,2010,1000,Theft,Laptop,23/01/2014,
91,Cincinnati Childrens Hospital Medical Center ,OH,2010,60998,Theft,Laptop,23/01/2014,
92,Occupational Health Partners,KS,2010,1105,Theft,Laptop,23/01/2014,
93,"AvMed, Inc.",FL,2009,1220000,Theft,Laptop,30/06/2014,
94,UnitedHealth Group health plan single affiliated covered entity,MN,2010,16291,Other,Paper,23/01/2014,
95,Lincoln Medical and Mental Health Center,NY,2010,130495,Theft,Other,19/06/2014,
96,"Nihal Saran, MD ",MI,2010,2300,Theft,Laptop,23/01/2014,
97,"University of Louisville Research Foundation, Inc., DBA The Kidney Disease Program",KY,2008,708,Hacking/IT Incident,Network Server,23/01/2014,
98,St. Jude Children's Research Hospital,TN,2010,1745,Loss,Laptop,23/01/2014,
99,TennCare,TN,2010,10515,Theft,Laptop,20/06/2014,
100,The Children's Medical Center of Dayton,OH,2010,1001,Other,E-mail,23/01/2014,
101,Comprehensive Care Management Corporation,NY,2010,1020,Theft,"Laptop, Desktop Computer, Network Server, E-mail",19/06/2014,
102,alma aguado md pa,TX,2010,600,Theft,Network Server,23/04/2014,
103,University Hospital,GA,2010,14000,Loss,Other,23/01/2014,
104,University Health System,NV,2010,7526,Theft,Network Server,23/01/2014,
105,"Sinai Hospital of Baltimore, Inc.",MD,2010,937,Other,E-mail,23/01/2014,
106,"Mary M. Desch,MD/PathHealer, LTD",AZ,2010,5893,Theft,Laptop,23/01/2014,
107,Children's Hospital & Research Center at Oakland,CA,2010,1000,Other,Paper,23/01/2014,
108,Centerstone,TN,2010,1537,Other,"Desktop Computer, Paper",23/01/2014,
109,California Department of Healthcare Services,CA,2010,29000,"Loss, Other","Other Portable Electronic Device, Other",23/01/2014,
110,Long Island Consultation Center,NY,2010,800,Theft,"Other Portable Electronic Device, Other",19/06/2014,
111,NYU Hospitals Center,NY,2010,2563,Theft,Other Portable Electronic Device,28/05/2014,
112,University of Florida,FL,2010,2047,Other,Paper,23/01/2014,
113,SunBridge Healthcare Corporation,NM,2010,3830,Theft,Laptop,23/01/2014,
114,Department of Health Care Policy & Financing,CO,2010,105470,Theft,Desktop Computer,23/01/2014,
115,Prince William County Community Services (CS),VA,2010,669,Theft,Other Portable Electronic Device,23/01/2014,
116,"E. Brooks Wilkins Family Medicine, PA",NC,2010,13000,Theft,"Desktop Computer, Other",23/01/2014,
117,John Deere Health Benefit Plan for Wage Employees,IL,2010,1097,Other,Paper,23/01/2014,
118,South Shore Hospital,MA,2010,800000,Loss,"Other Portable Electronic Device, Other, Electronic Medical Record",23/01/2014,
119,Montefiore Medical Center,NY,2010,16820,Theft,Desktop Computer,19/06/2014,
120,"DC Chartered Health Plan, Inc",DC,2010,540,Theft,Laptop,23/01/2014,
121,Montefiore Medical Center,NY,2010,23753,Theft,Desktop Computer,19/06/2014,
122,Medina County OB/GYN,OH,2010,1200,Improper Disposal,Paper,23/01/2014,
123,The University of Texas at Arlington,TX,2009,27000,Hacking/IT Incident,Network Server,23/01/2014,
124,Aetna,CT,2010,6372,Improper Disposal,Paper,23/01/2014,
125,Charles Mitchell MD,TX,2010,6873,Theft,Desktop Computer,30/06/2014,
126,Humana Inc [case 4486],KY,2010,2631,Other,Paper,23/01/2014,
127,"WellPoint, Inc.",IN,2009,31700,Hacking/IT Incident,Network Server,23/01/2014,
128,Carolina Center for Development and Rehabilitation,NC,2010,1590,Theft,Paper,30/06/2014,
129,Trinity Health Corporation Welfare Benefit Plan,MI,2010,1073,Loss,Other,23/01/2014,
130,Texas Children's Hospital,TX,2010,694,Theft,Laptop,23/01/2014,
131,Baylor College of Medicine,TX,2010,1646,Theft,Laptop,24/04/2014,
132,Wright State Physicians,OH,2010,1309,Other,Laptop,23/01/2014,
133,Penn Treaty Network America Insurance Company ,PA,2010,560,Other,Other,23/01/2014,
134,Aultman Hospital,OH,2010,13867,Theft,Laptop,23/01/2014,
135,Fort Worth Allergy and Asthma Associates,TX,2010,25000,Theft,Network Server,23/01/2014,
136,"Beauty Dental, Inc.",IL,2010,657,"Theft, Loss",Paper,23/01/2014,
137,Walsh Pharmacy,MA,2010,11440,Other,"Other Portable Electronic Device, Other",23/01/2014,
138,Jewish Hospital,KY,2010,2089,Theft,Laptop,23/01/2014,
139,St. John's Mercy Medical Group,MO,2010,1907,Improper Disposal,Paper,23/01/2014,
140,"Thomas Jefferson University Hospitals, Inc.",PA,2010,21000,Theft,Laptop,23/01/2014,
141,UNCG Speech and Hearing Center,NC,1997,2300,Hacking/IT Incident,Desktop Computer,23/01/2014,
142,Idaho Power Group Health Plan,ID,2010,5500,Loss,Other,23/01/2014,
143,Loma Linda University School of Dentistry,CA,2010,10100,Theft,Desktop Computer,23/01/2014,
144,"Ward A. Morris, DDS",WA,2010,2698,Theft,Desktop Computer,23/01/2014,
145,"Chattanooga Family Practice Associates, P.C.",TN,2010,1711,Loss,"Other Portable Electronic Device, Other",23/01/2014,
146,Yale University,CT,2010,1000,Theft,Laptop,23/01/2014,
147,University of Kentucky,KY,2010,2027,Theft,Laptop,23/01/2014,
148,Cook County Health & Hospitals System,IL,2010,7081,Theft,Laptop,23/01/2014,
149,"Eastmoreland Surgical Clinic, William Graham, DO",OR,2010,4328,Theft,"Laptop, Desktop Computer, Other Portable Electronic Device, Other",23/01/2014,
150,SunBridge Healthcare Corporation,NM,2010,1000,Theft,"Other Portable Electronic Device, Other",23/01/2014,
151,Holyoke Medical Center,MA,2010,24750,Improper Disposal,Paper,23/01/2014,
152,Newark Beth Israel Medical Center,NJ,2010,956,Theft,"Other Portable Electronic Device, Other",19/06/2014,
153,Saint Barnabas Medical Center,NJ,2010,3630,Theft,Other Portable Electronic Device,19/06/2014,
154,NYU School of Medicine--Aging and Dementia Clinical Research Center ,NY,2010,1200,Loss,"Other Portable Electronic Device, Other",23/01/2014,
155,University of Rochester Medical Center and Affiliates,NY,2010,857,Loss,Other Portable Electronic Device,23/01/2014,
156,State of Delaware Health Plan,DE,2010,22642,Other,Network Server,23/01/2014,
157,"Curtis R. Bryan, M.D.",VA,2010,2739,Theft,Laptop,23/01/2014,
158,Mayo Clinic,MN,2009,1740,Unauthorized Access/Disclosure,Electronic Medical Record,23/01/2014,
159,LabCorp Patient Service Center,NV,2010,507,Theft,Paper,23/01/2014,
160,The Kent Center ,RI,2010,1361,Theft,Paper,23/01/2014,
161,"Pediatric and Adult Allergy, PC",IA,2010,19222,Loss,Other Portable Electronic Device,23/01/2014,
162,Ault Chiropractic Center,IN,2010,2000,Theft,"Laptop, Desktop Computer",23/01/2014,
163,County of Los Angeles,CA,2010,33000,Theft,Paper,23/01/2014,
164,"Matthew H. Conrad, M.D., P.A.",KS,2010,1200,Theft,"Laptop, Paper",23/01/2014,
165,UnitedHealth Group health plan single affiliated covered entity,MN,2010,1270,Other,Paper,23/01/2014,
166,Counseling and Psychotherapy of Throggs Neck,NY,2010,9000,Theft,Desktop Computer,23/01/2014,
167,United States Air Force,OH,2010,2123,Improper Disposal,Paper,23/01/2014,
168,"State of Alaska, Department of Health and Social Services",AK,2010,2000,Theft,"Other Portable Electronic Device, Other",23/01/2014,
169,"St. Vincent Hospital and Health Care Center, Inc.",IN,2010,1199,Theft,Laptop,23/01/2014,
170,Milford Regional Medical Center,MA,2010,20000,Improper Disposal,Paper,23/01/2014,
171,"Alliance HealthCare Services, Inc.",CA,2010,1474,Theft,"Other Portable Electronic Device, Other",24/04/2014,
172,"Alliance HealthCare Services, Inc.",CA,2010,1474,Theft,"Other Portable Electronic Device, Other",24/06/2014,
173,NewYork-Presbyterian Hospital and Columbia University Medical Center,NY,2010,6800,Theft,Network Server,19/06/2014,
174,St. James Hospital and Health Centers,IL,2010,967,Improper Disposal,Paper,23/01/2014,
175,"University of Oklahoma - Tulsa, Neurology Clinic",OK,2010,19200,Hacking/IT Incident,Desktop Computer,23/01/2014,
176,"LORENZO BROWN, MD INC.",CA,2010,928,Theft,Desktop Computer,23/01/2014,
177,"Milton Pathology Associates, P.C.",MA,2010,11000,Improper Disposal,Paper,23/01/2014,
178,WESTMED Medical Group,NY,2010,578,Theft,Laptop,19/06/2014,
179,"Debra C. Duffy, DDS",TX,2010,4700,Theft,"Laptop, Network Server",23/01/2014,
180,"Cumberland Gastroenterology, P.S.C.",KY,2010,2200,Theft,Paper,23/01/2014,
181,Johns Hopkins University Applied Physics Laboratory (JHU/APL) Medical and Dental Insurance Plan,MD,2010,692,Other,Other,23/01/2014,
182,LoneStar Audiology Group,TX,2010,585,Theft,Laptop,23/01/2014,
183,Utah Department of Health,UT,2010,1298,Other,"Desktop Computer, Paper",23/01/2014,
184,SW Seattle Orthopaedic and Sports Medicine,WA,2010,9493,Hacking/IT Incident,Network Server,23/01/2014,
185,University of Arkansas for Medical Sciences,AR,2010,1000,Theft,"Other Portable Electronic Device, Other",23/01/2014,
186,"BlueCross BlueShield of Tennessee, Inc.",TN,2009,1023209,Theft,Other,23/01/2014,
187,Northridge Hospital Medical Center,CA,2010,716,Loss,Paper,23/01/2014,
188,Puerto Rico Department of Health,PR,2008,475000,"Unauthorized Access/Disclosure, Hacking/IT Incident",Network Server,23/01/2014,
189,"Aetna, Inc.",CT,2010,2345,Unauthorized Access/Disclosure,Network Server,23/01/2014,
190,Sta-home Health & Hospice,MS,2010,1104,Theft,Desktop Computer,23/01/2014,
191,Puerto Rico Department of Health,PR,2010,115000,Unauthorized Access/Disclosure,"Other Portable Electronic Device, Other",23/01/2014,
192,VNA of Southeastern Ct.,CT,2010,12000,Theft,Laptop,23/01/2014,
193,"Prime Home Care, LLC",NE,2010,1550,Theft,Desktop Computer,23/01/2014,
194,Visiting Nurse Service Association of Schenectady County,NY,2010,535,Theft,Laptop,19/06/2014,
195,"Manor Care Indy (South), LLC.",IN,2010,845,Unauthorized Access/Disclosure,Paper,23/01/2014,
196,"Robert Wheatley, DDS, PC",MO,2010,1400,Theft,Laptop,23/01/2014,
197,Henry Ford Hospital,MI,2010,3700,Theft,Laptop,23/01/2014,
198,Holy Cross Hospital,FL,2010,1500,Theft,Paper,23/01/2014,
199,Newark Beth Israel Medical Center,NJ,2010,1744,Theft,Network Server,19/06/2014,
200,Memorial Hospital of Gardena,CA,2010,771,Unauthorized Access/Disclosure,Paper,23/01/2014,
201,Oklahoma City VA Medical Center,OK,2010,1950,"Theft, Loss, Improper Disposal",Paper,23/01/2014,
202,Albert Einstein Healthcare Network,PA,2010,613,Theft,Desktop Computer,23/01/2014,
203,Kings County Hospital Center,NY,2010,542,Theft,Desktop Computer,19/06/2014,
204,University of Tennessee Medical Center,TN,2009,8200,Improper Disposal,Paper,23/01/2014,
205,Ochsner Health System,LA,2010,9475,Unauthorized Access/Disclosure,Paper,23/01/2014,
206,zarzamora family dental care,TX,2010,800,Theft,Desktop Computer,23/01/2014,
207,Hospital Auxilio Mutuo,PR,2010,1000,"Theft, Unauthorized Access/Disclosure, Hacking/IT Incident","Laptop, Desktop Computer",23/01/2014,
208,Pinnacle Health System,PA,2008,1085,Unauthorized Access/Disclosure,Network Server,23/01/2014,
209,"Gary C. Spinks, DMD, PC",MD,2010,1000,Hacking/IT Incident,"Desktop Computer, Network Server",23/01/2014,
210,Cook County Health & Hospitals System,IL,2010,556,Theft,Desktop Computer,23/01/2014,
211,"Dean Health Systems, Inc.; St. Mary's Hospital; St. Marys Dean Ventures, Incorporated",WI,2010,3288,Theft,Laptop,23/01/2014,
212,Riverside Mercy Hospital and Ohio/Mercy Diagnostics,OH,2003,1000,Improper Disposal,Paper,23/01/2014,
213,California Therapy Solutions,CA,2010,1250,Theft,"Other Portable Electronic Device, Other",23/01/2014,
214,Osceola Medical Center,WI,2010,585,Unauthorized Access/Disclosure,Other,23/01/2014,
215,Indiana Family and Social Services Administration,IN,2010,757,Theft,Laptop,23/01/2014,
216,Mankato Clinic,MN,2010,3159,Theft,Laptop,23/01/2014,
217,Geisinger Wyoming Valley Medical Center,PA,2010,2928,Unauthorized Access/Disclosure,E-mail,23/01/2014,
218,Our Lady of Peace Hospital,KY,2010,24600,"Theft, Loss","Other Portable Electronic Device, Other",23/01/2014,
219,International Union of Operating Engineers Health and Welfare Fund ,MD,2010,800,Theft,Paper,23/01/2014,
220,"Southern Perioperative Services, P.C.",AL,2010,2000,Theft,"Other Portable Electronic Device, Other",23/01/2014,
221,Keystone/AmeriHealth Mercy Health Plans,PA,2010,808,Loss,"Other Portable Electronic Device, Other",23/01/2014,
222,"Ankle + Foot Center of Tampa Bay, Inc.",FL,2010,156000,Theft,Network Server,30/06/2014,
223,OhioHealth Corporation dba Grant Medical Center,OH,2008,501,Theft,"Laptop, Desktop Computer",23/01/2014,
224,"Seacoast Radiology, PA",NH,2010,231400,Hacking/IT Incident,Network Server,23/01/2014,
225,Friendship Center Dental Office,FL,2010,2200,Theft,Laptop,23/01/2014,
226,Centra,VA,2010,11982,Theft,Laptop,23/01/2014,
227,St.Vincent Hospital - Indianapolis,IN,2010,1848,Hacking/IT Incident,"Network Server, E-mail",23/01/2014,
228,Texas Health Harris Methodist Hospital Azle,TX,2010,9922,"Theft, Loss","Other Portable Electronic Device, Other",23/01/2014,
229,Franciscan Medical Group,WA,2010,1250,Theft,Desktop Computer,23/01/2014,
230,State of South Carolina Budget and Control Board Employee Insurance Program (EIP),SC,2010,5596,Hacking/IT Incident,Desktop Computer,23/01/2014,
231,Lake Woods Nursing & Rehabilitation Center,MI,2010,656,Theft,"Laptop, Desktop Computer",23/01/2014,
232,"Benefit Resources, Inc.",SC,2010,16200,Loss,"Other Portable Electronic Device, Other",23/01/2014,
233,Baptist Memorial Hospital - Huntingdon,TN,2010,4800,Theft,Other,23/04/2014,
234,"Grays Harbor Pediatrics, PLLC",WA,2010,12009,Theft,"Other Portable Electronic Device, Other",23/01/2014,
235,"Hanger Prosthetics & Orthotics, Inc.",TX,2010,4486,Theft,Laptop,23/01/2014,
236,Baylor Heart and Vascular Center,TX,2010,8241,Theft,"Other Portable Electronic Device, Other",23/04/2014,
237,"CHC MEMPHIS CMHC, LLC",TN,2010,500,Theft,Desktop Computer,23/01/2014,
238,Jefferson Center for Mental Health,CO,2010,546,Theft,Paper,23/01/2014,
239,Green River District Health Department,KY,2011,18871,Hacking/IT Incident,Network Server,23/01/2014,
240,"Ortho Montana, PSC",MT,2011,37000,"Theft, Loss",Laptop,14/02/2014,
241,Cancer Care Northwest P.S.,WA,2011,3100,Theft,Paper,30/06/2014,
242,Saint Louis University,MO,2010,800,Hacking/IT Incident,Desktop Computer,23/01/2014,
243,New York City Health & Hospitals Corporation's North Bronx Healthcare Network,NY,2010,1700000,Theft,"Other, Electronic Medical Record",28/05/2014,
244,Long Beach Memorial Medical Center,CA,2010,2250,Unauthorized Access/Disclosure,Other,23/01/2014,
245,Walgreen Co.,IL,2011,2700,Theft,"Other Portable Electronic Device, Other",10/06/2014,
246,"Charleston Area Medical Center, Inc",WV,2011,3655,Unauthorized Access/Disclosure,Network Server,23/01/2014,
247,Mountain Vista Medical Center,AZ,2010,2291,Loss,"Other Portable Electronic Device, Other",23/01/2014,
248,Departamento de Salud de Puerto Rico,PR,2010,2621,Unknown,Desktop Computer,23/01/2014,
249,Henry Ford Hospital,MI,2011,2777,Loss,"Other Portable Electronic Device, Other",23/01/2014,
250,"Central Brooklyn Medical Group, PC",NY,2010,500,Theft,Paper,20/06/2014,
251,TRICARE Management Activity,CO,2010,4500,Unauthorized Access/Disclosure,Paper,23/01/2014,
252,Blue Cross and Blue Shield of Florida ,FL,2010,7366,Unknown,Other,23/01/2014,
253,"University Health Services, University of Massachusetts, Amherst",MA,2010,942,Unauthorized Access/Disclosure,Desktop Computer,23/01/2014,
254,"Omnicare, Inc",KY,2011,8845,Theft,Laptop,23/01/2014,
255,"JEFFREY J. SMITH, MD",OK,2010,600,Loss,"Desktop Computer, Other Portable Electronic Device, Other",23/01/2014,
256,University of Missouri Health Plan,MO,2011,765,Unauthorized Access/Disclosure,Paper,23/01/2014,
257,Texas Health Arlington Memorial Hospital,TX,2010,654,Unknown,Electronic Medical Record,23/01/2014,
258,NYU School of Medicine Faculty Group Practice,NY,2011,670,Theft,Desktop Computer,19/06/2014,
259,"Rape & Brooks Orthodontics, P.C.",AL,2011,20744,Theft,"Desktop Computer, Network Server, Other Portable Electronic Device, Other",23/01/2014,
260,Clarksburg - Louis A. Johnson VA Medical Center,WV,2010,1470,Unauthorized Access/Disclosure,Paper,23/01/2014,
261,County of Los Angeles,CA,2011,667,Theft,Laptop,23/01/2014,
262,EISENHOWER MEDICAL CENTER,CA,2011,514330,Theft,Desktop Computer,23/01/2014,
263,Catholic Social Services,AK,2011,1700,Theft,Laptop,30/06/2014,
264,"Park Avenue Obstetrics & Gynecology, PC",AZ,2011,635,Theft,"Other Portable Electronic Device, Other",23/01/2014,
265,"Brian J Daniels D.D.S.,Paul R Daniels D.D.S.",AZ,2011,10000,Theft,"Other Portable Electronic Device, Other",23/01/2014,
266,MidState Medical Center,CT,2011,93500,Loss,Other,23/01/2014,
267,"Patient Care Services at Saint Francis, Inc.",OK,2011,84000,Theft,Network Server,13/03/2014,
268,Union Security Insurance Company,MO,2011,935,Unauthorized Access/Disclosure,Other,23/01/2014,
269,Oklaholma State Dept. of Health,OK,2011,132940,Theft,"Laptop, Paper",23/04/2014,
270,Aiken Community Based Outpatient Clinic,SC,2011,2717,Improper Disposal,Paper,23/01/2014,
271,"Health Net, Inc.",CA,2011,1900000,Unknown,Other,23/01/2014,
272,SW General Inc,AZ,2004,566,Theft,Paper,23/01/2014,
273,Fairview Health Services,MN,2011,1215,Loss,Paper,23/01/2014,
274,Time Insurance Company,WI,2011,675,Unauthorized Access/Disclosure,Other,23/04/2014,
275,Community Action partnership of Natrona County,WY,2011,15000,Hacking/IT Incident,Desktop Computer,23/01/2014,
276,"Keith & Fisher, DDS, PA",NC,2011,6000,Hacking/IT Incident,Network Server,23/01/2014,
277,MacNeal Hospital,IL,2011,845,Hacking/IT Incident,"Laptop, Desktop Computer, Network Server, E-mail",24/03/2014,
278,West Lake Hospital ,IL,2011,686,Hacking/IT Incident,"Laptop, Desktop Computer, Network Server, E-mail",24/03/2014,
279,Phoenix Health Plan,AZ,2011,9393,Hacking/IT Incident,"Laptop, Desktop Computer, Network Server, E-mail",23/04/2014,
280,MacNeal Physician Group,IL,2011,532,Hacking/IT Incident,"Laptop, Desktop Computer, Network Server, E-mail",24/03/2014,
281,Genesis Clinical Laboratory,IL,2011,1070,Hacking/IT Incident,"Laptop, Desktop Computer, Network Server, E-mail",24/03/2014,
282,Knox Community Hospital,OH,2010,500,Improper Disposal,Other,23/01/2014,
283,Speare Memorial Hospital,NH,2011,5960,Theft,Laptop,13/03/2014,
284,Methodist Charlton Medical Center,TX,2011,1500,Theft,Laptop,23/01/2014,
285,Drs Edalji and Komer,MA,2011,563,Theft,Laptop,23/01/2014,
286,Reid Hospital & Health Care Services,IN,2011,22001,Theft,Laptop,23/01/2014,
287,Union Security Insurance Company,MO,2011,850,Unauthorized Access/Disclosure,Other,23/01/2014,
288,Indiana Regional Medical Center,PA,2010,1388,Theft,Paper,23/01/2014,
289,"MMM Healthcare, Inc.",PR,2011,32390,Theft,Desktop Computer,23/01/2014,
290,PMC Medicare Choice,PR,2011,24361,Theft,Desktop Computer,23/01/2014,
291,CVS CAREMARK,AZ,2011,654,"Theft, Unauthorized Access/Disclosure",Paper,23/04/2014,
292,CENTER FOR ARTHRITIS & RHEUMATIC DISEASES,FL,2011,8000,Theft,"Other, Paper",23/01/2014,
293,"Robert B. Miller, MD",CA,2011,620,Theft,Laptop,23/01/2014,
294,Imaging Center of Garland,TX,2011,1031,Improper Disposal,Other,23/01/2014,
295,New York State Department of Health,NY,2011,550,Theft,Paper,03/06/2014,
296,St. Mary's Hospital for Children,NY,2011,550,Theft,Paper,02/06/2014,
297,Medicare Fee-for-Service Program,MD,2011,13412,Unauthorized Access/Disclosure,Paper,23/01/2014,
298,VA Caribbean Healthcare System,PR,2011,6006,Theft,Paper,19/06/2014,
299,Blue Cross Blue Shield of Michigan,MI,2010,11387,"Unauthorized Access/Disclosure, Hacking/IT Incident",Network Server,23/01/2014,
300,Spartanburg Regional Healthcare System,SC,2011,400000,Theft,Desktop Computer,23/01/2014,
301,Saint Joseph - Berea,KY,2011,1986,"Theft, Loss","Other Portable Electronic Device, Other",23/04/2014,
302,Navos,WA,2011,2700,Unknown,Paper,23/01/2014,
303,"Dunes Family Health Care, P.C",OR,2011,17000,Theft,"Other Portable Electronic Device, Other",14/02/2014,
304,"Metropolitan Community Health Services, Inc.",NC,2011,1263,Unknown,E-mail,23/04/2014,
305,TUBA CITY REGIONAL HEALTH CARE CORPORATION,AZ,2011,2000,"Loss, Improper Disposal",Paper,23/01/2014,
306,"FOOTHILLS NEPHROLOGY, PC",SC,2011,1280,Theft,"Other Portable Electronic Device, Other",23/01/2014,
307,Sutter Gould Medical Foundation (SGMF),CA,2011,1192,Loss,Paper,23/01/2014,
308,Silverpop Systems Inc. Health and Welfare Plan,GA,2011,884,Theft,Laptop,23/01/2014,
309,New River Health Association,WV,2011,950,Unauthorized Access/Disclosure,Paper,23/01/2014,
310,HealthCare Partners,CA,2011,15677,Theft,Desktop Computer,23/01/2014,
311,"Gene S. J. Liaw, MD. PS",WA,2011,1105,Loss,"Other Portable Electronic Device, Other",23/01/2014,
312,Blue Cross and Blue Shield of Florida ,FL,2011,3463,Unauthorized Access/Disclosure,Other,23/01/2014,
313,"NOL, LLC d/b/a Premier Radiology",TN,2011,810,Theft,Laptop,23/04/2014,
314,"Advanced Diagnostic Imaging, P.C.",TN,2011,705,Theft,Laptop,23/04/2014,
315,University of Missouri Health Care,MO,2011,1288,Unknown,Paper,23/01/2014,
316,Accendo,AZ,2011,175350,Unauthorized Access/Disclosure,Paper,23/01/2014,
317,Ohio Health Plans,OH,2011,78042,Theft,Laptop,23/01/2014,
318,"Gail Gillespie and Associates, LLC",LA,2011,2000,Theft,"Laptop, Desktop Computer, Network Server, E-mail, Other Portable Electronic Device, Other, Electronic Medical Record",23/01/2014,
319,Health Plan of San Mateo,CA,2011,694,Unauthorized Access/Disclosure,Paper,23/01/2014,
320,Department of Health Care Policy and Financing,CO,2011,3589,Loss,Other,14/02/2014,
321,Yanez Dental Corporation,CA,2011,10190,Theft,"Desktop Computer, Network Server",23/01/2014,
322,Jackson Health System,FL,2008,1562,Unauthorized Access/Disclosure,"Other, Electronic Medical Record",23/01/2014,
323,The Mount Sinai Hospital,NY,2011,712,Theft,Laptop,02/06/2014,
324,Troy Regional Medical Center,AL,2011,880,Unauthorized Access/Disclosure,Paper,23/01/2014,
325,Lansing Community College,MI,2011,5000,Hacking/IT Incident,Network Server,24/03/2014,
326,Dr Axel Velez,PR,2011,2800,Theft,Desktop Computer,13/03/2014,
327," DeKalb Medical Center, Inc. d/b/a DeKalb Medical Hillandale",GA,2010,7500,Theft,Paper,23/01/2014,
328,Beth Israel Deaconess Medical Center,MA,2011,2021,Hacking/IT Incident,Network Server,23/01/2014,
329,"Gypsum Management and Supply, Inc. Medical and Dental Plan",GA,2011,25330,Unauthorized Access/Disclosure,Network Server,23/01/2014,
330,"Andersen Air Force Base, Guam",VA,2011,700,Improper Disposal,Paper,23/01/2014,
331,Molina Medicare,CA,2011,4573,Unauthorized Access/Disclosure,Paper,23/01/2014,
332,Windsor Health Plan,TN,2011,1378,Unauthorized Access/Disclosure,Paper,23/01/2014,
333,Health Care Service Corporation,IL,2011,501,Theft,Paper,23/01/2014,
334,University of Kentucky - UK HealthCare,KY,2011,3604,Theft,Laptop,23/04/2014,
335,"Austin Center for Therapy and Assessment, LLC",TX,2011,1870,Theft,Laptop,24/04/2014,
336,Treatment Services Northwest,OR,2011,1200,Theft,Desktop Computer,23/01/2014,
337,Mills-Peninsula Health Services,CA,2009,1500,Unauthorized Access/Disclosure,Paper,23/01/2014,
338,Brigham and Women's Hospital and Faulkner Hospital ,MA,2011,638,Theft,Other Portable Electronic Device,30/06/2014,
339,"Ashley Industrial Molding, Inc. Employee Welfare Benefit Plan ",IN,2011,506,Hacking/IT Incident,Network Server,23/01/2014,
340,Monmouth Medical Center,NJ,2011,6443,Theft,"Other Portable Electronic Device, Other",19/06/2014,
341,Clara Maass Medical Center,NJ,2011,8795,Theft,"Other Portable Electronic Device, Other",19/06/2014,
342,Newark Beth Israel Medical Center,NJ,2011,15015,Theft,"Other Portable Electronic Device, Other",19/06/2014,
343,Saint Barnabas Medical Center,NJ,2011,6179,Theft,"Other Portable Electronic Device, Other",19/06/2014,
344,Washington State Department of Social and Health Services,WA,2011,3950,Unauthorized Access/Disclosure,Paper,23/01/2014,
345,St. Francis Hospital,DE,2011,948,Loss,"Other Portable Electronic Device, Other",10/06/2014,
346,"Reznick Group, P.C.",MD,2011,2459,Hacking/IT Incident,Network Server,25/03/2014,
347,The Neurological Institute of Savannah & Center for Spine,GA,2011,63425,Theft,"Other Portable Electronic Device, Other",23/01/2014,
348,Kimball Medical Center,NJ,2011,6785,Theft,"Other Portable Electronic Device, Other",19/06/2014,
349,Community Medical Center,NJ,2011,6950,Theft,"Other Portable Electronic Device, Other",19/06/2014,
350,American Health Medicare ,PR,2011,5848,Theft,Other,03/06/2014,
351,Texas Health Presbtyerian Hospital Flower Mound,TX,2011,10345,Theft,Laptop,23/01/2014,
352,Capron Rescue Squad District,IL,2011,815,Unauthorized Access/Disclosure,Laptop,23/01/2014,
353,Cook County Health & Hospitals System,IL,2011,32008,Theft,"Other Portable Electronic Device, Other",23/01/2014,
354,Lexington VAMC,KY,2011,1432,Theft,"Laptop, Other Portable Electronic Device, Paper",03/06/2014,
355,"Dr. Victoria Falcone, Falcone Cosmetic Services, PC, Falcone Cosmetic Services of NJ, PC",PA,2011,3000,"Theft, Unauthorized Access/Disclosure","Laptop, Desktop Computer, Network Server, E-mail, Other Portable Electronic Device, Other, Electronic Medical Record, Paper",10/06/2014,
356,"HEALTH RESEARCH INSTITUTE, INC., PFEIFFER TREATMENT CENTER",IL,2011,2000,Theft,"Desktop Computer, Network Server",23/01/2014,
357,Stanford Hospital & Clinics,CA,2010,19651,Unauthorized Access/Disclosure,Other,23/01/2014,
358,"Muir Orthopaedic Specialists, A Medical Group Inc.",CA,2011,1800,Theft,Paper,23/01/2014,
359,NEA Baptist Clinic,AR,2011,3116,Hacking/IT Incident,Network Server,23/01/2014,
360,Jonathan Noel MD,IN,2011,2059,Theft,"Other Portable Electronic Device, Other",23/01/2014,
361,Texas Health and Human Services Commission,TX,2011,1696,Theft,Laptop,23/01/2014,
362,University of Wisconsin Oshkosh,WI,2011,3000,Hacking/IT Incident,Desktop Computer,23/01/2014,
363,Centro de Ortodoncia Inc.,PR,2010,2000,Theft,Paper,20/06/2014,
364,"John T. Melvin, M.D.& Associates",TX,2011,2541,Theft,Paper,13/03/2014,
365,"Diversified Resources, Inc.",GA,2011,863,Theft,Laptop,23/01/2014,
366,VA Gulf Coast Veterans Health Care System,MS,2011,1797,Theft,Paper,20/06/2014,
367,Freda J Bowman  MD PA,TX,2011,1300,"Unauthorized Access/Disclosure, Hacking/IT Incident",Network Server,23/01/2014,
368,"Bonney Lake Medical Center and Mythili R. Ramachandran, MD",WA,2011,2367,Theft,"Laptop, Desktop Computer",14/02/2014,
369,United States Steel Corporation Plan for Active Employee Insurance Benefits and the United States Steel Corporation Plan for Retiree Insurance Benefits,PA,2011,4000,Loss,"Other Portable Electronic Device, Other",24/03/2014,
370,VA Illiana Health Care System,IL,2011,518,Loss,Paper,23/01/2014,
371,Health Texas Provider Network,TX,2011,1259,Theft,Laptop,13/03/2014,
372,Blue Cross of Northeastern Pennsylvania,PA,2011,507,"Theft, Unauthorized Access/Disclosure","Laptop, Paper",24/03/2014,
373,NYU Hospital for Joint Diseases Inventory Management Department,NY,2011,2600,Theft,Paper,20/06/2014,
374,WAYNE HIGHLANDS SCHOOL DISTRICT,PA,2011,579,"Theft, Unauthorized Access/Disclosure",Paper,10/06/2014,
375,"Summit Medical Group, PLLC",TN,2011,731,Theft,Paper,23/01/2014,
376,MAPFRE Life,PR,2011,2209,Theft,Other,13/03/2014,
377,American Continental Insurance Company,TN,2011,690,Theft,"Other Portable Electronic Device, Other",23/01/2014,
378,United of Omaha Life Insurance Company,NE,2011,1631,Loss,"Other Portable Electronic Device, Other",23/01/2014,
379,Mutual of Omaha Insurance Company,NE,2011,705,Theft,"Other Portable Electronic Device, Other",23/01/2014,
380,Henry Ford Health System,MI,2011,520,Theft,Desktop Computer,23/01/2014,
381,Indiana University,IN,2011,3266,Theft,Laptop,23/01/2014,
382,"Adult & Pediatric Dermatology, PC",MA,2011,2200,Theft,"Other Portable Electronic Device, Other",23/01/2014,
383,The Nemours Foundation,FL,2011,1055489,Loss,Other,23/01/2014,
384,"California Industrial Medicine, Inc.",CA,2011,700,"Theft, Unauthorized Access/Disclosure",Paper,14/02/2014,
385,"InStep Foot Clinic, P.A.",MN,2011,2600,Theft,"Laptop, Electronic Medical Record",23/01/2014,
386,North Memorial,MN,2011,6697,Theft,Laptop,23/01/2014,
387,"Lahey Clinic Hospital, Inc.",MA,2011,599,Theft,Laptop,13/03/2014,
388,UnitedHealth Group health plan single affiliated covered entity,MN,2011,3994,Theft,Other,23/01/2014,
389,Good Samaritan Hospital,MD,2011,1500,Theft,Paper,23/01/2014,
390,"Amerigroup Community Care of New Mexico, Inc",NM,2011,1537,Theft,Paper,23/01/2014,
391,Florida Hospital,FL,2011,12784,Unauthorized Access/Disclosure,Electronic Medical Record,19/02/2014,
392,"Thomas Jefferson University Hospitals, Inc.",PA,2011,3150,Theft,Other,23/01/2014,
393,Lankenau Medical Center,PA,2011,500,Theft,Other,23/01/2014,
394,"Spectrum Health Ssytems, Inc.  ",MA,2011,14750,Theft,Desktop Computer,13/03/2014,
395,Conway Regional Medical Center,AR,2011,1472,Loss,Other,23/01/2014,
396,Concordia Plan Services,MO,2011,7059,Loss,Other,23/01/2014,
397,Stone Oak Urgent Care & Family Practice,TX,2011,6672,"Theft, Loss",Desktop Computer,23/01/2014,
398,Indiana University School of Optometry,IN,2011,757,Unauthorized Access/Disclosure,Network Server,23/01/2014,
399,"Brevard Emergency Services, P.A.",FL,2011,2200,Theft,Paper,23/04/2014,
400,Georgetown University Hospital,DC,2011,1526,Loss,"Other Portable Electronic Device, Other",24/03/2014,
401,Morris Heights Health Center,NY,2011,927,Theft,Laptop,03/06/2014,
402,network180,MI,2011,1100,Theft,Paper,24/03/2014,
403,Premier Imaging,NC,2011,551,Unknown,Paper,23/01/2014,
404,"The Good Samaritan Hospital of Cincinnati, Ohio",OH,2011,1089,Theft,Desktop Computer,24/03/2014,
405,"Bethesda Hospital, Inc.",OH,2011,946,Theft,Desktop Computer,24/03/2014,
406,"Julie A. Kennedy, D.M.D., P.A.",FL,2011,2900,Theft,Network Server,23/01/2014,
407,"KCI USA, Inc.",TX,2011,567,Theft,"Other Portable Electronic Device, Other",23/01/2014,
408,Lebanon Internal Medicine Associates,PA,2011,55000,Improper Disposal,Network Server,23/01/2014,
409,St. Joseph Medical Center,MD,2011,5000,Theft,"Other, Paper",24/03/2014,
410,TRICARE Management Activity (TMA),VA,2011,4900000,Loss,Other,23/01/2014,
411,UCLA Health System,CA,2011,2761,Theft,"Other Portable Electronic Device, Other",23/01/2014,
412,Logan County Emergeny Ambulance Service Authority,WV,2011,12563,"Theft, Loss",Laptop,23/01/2014,
413,Lawrence Memorial Hospital,KS,2011,8275,"Unauthorized Access/Disclosure, Other",Other,23/04/2014,
414,Sutter Medical Foundation,AL,2011,943434,Theft,Desktop Computer,23/01/2014,
415,Medcenter One,ND,2011,650,Theft,Laptop,23/01/2014,
416,Dallas County Hospital District dba Parkland Health & Hospital System,TX,2011,2464,Unauthorized Access/Disclosure,"Electronic Medical Record, Paper",23/01/2014,
417,University of Kentucky UK HealthCare,KY,2011,878,Loss,Other Portable Electronic Device,23/01/2014,
418,State of Tennessee Sponsored Group Health Plan,TN,2011,1770,Unauthorized Access/Disclosure,Paper,23/01/2014,
419,Cleveland Clinic Florida,FL,2011,772,Loss,Other,23/04/2014,
420,"Jay C. Platt, DDS",IN,2011,10705,Theft,Other,24/03/2014,
421,Rite Aid Corporation ,PA,2011,2900,Other,Paper,23/01/2014,
422,Advanced Occupational Medicine Specialists,IL,2011,7226,Unauthorized Access/Disclosure,Network Server,23/01/2014,
423,Open MRI of Chicago,IL,2011,2000,Improper Disposal,Paper,23/01/2014,
424,University of Nebraska Medical Center,NE,2011,611,Theft,Paper,23/04/2014,
425,Roberts S. Smith M.D. Inc.,GA,2011,17000,Theft,Laptop,23/01/2014,
426,"Paul C. Brown, MD, PS",WA,2011,4693,Theft,Other,14/02/2014,
427,Molina Healthcare of California,CA,2009,11081,Other,Paper,23/01/2014,
428,Aegis Sciences Corporation,TN,2011,2185,Theft,"Laptop, Other Portable Electronic Device",23/04/2014,
429,"Soundpath Health, Inc",WA,2011,7581,Theft,Laptop,14/02/2014,
430,Concentra Health,TX,2011,870,Theft,Laptop,23/01/2014,
431,Sleep HealthCenters LLC,MA,2011,2988,Theft,Laptop,13/03/2014,
432,Smile Designs,FL,2011,1670,Theft,"Desktop Computer, Network Server",23/01/2014,
433,PBH,NC,2011,50000,"Unauthorized Access/Disclosure, Other","Network Server, E-mail",23/01/2014,
434,"CardioNet, Inc",PA,2011,1300,Theft,Laptop,23/01/2014,
435,"MDwise, Inc.",IN,2011,2700,Unauthorized Access/Disclosure,Other,24/03/2014,
436,Ford Motor Company,MI,2012,1700,Other,Paper,24/03/2014,
437,Foundation Medical Partners,NH,2011,771,Theft,Paper,02/06/2014,
438,Kansas Department on Aging,KS,2012,7757,Theft,Laptop,23/01/2014,
439,Delta Dental of California,CA,2011,11646,Other,Paper,23/01/2014,
440,Muskogee Regional Medical Center,OK,2011,844,Loss,Other,23/01/2014,
441,Department of Medical Assistance Services,VA,2011,1444,"Unauthorized Access/Disclosure, Other",Paper,23/01/2014,
442,"Oldendorf Medical Services, PLLC",NY,2012,549,Theft,Laptop,02/06/2014,
443,St.Vincent Physician Network,IN,2010,1423,"Theft, Unauthorized Access/Disclosure",Paper,24/03/2014,
444,Flex Physical Therapy,WA,2011,3100,Theft,Desktop Computer,23/01/2014,
445,Metro Community Provider Network,CO,2011,3200,"Hacking/IT Incident, Other",E-mail,23/01/2014,
446,University of Miami ,FL,2011,1219,Theft,Other Portable Electronic Device,23/01/2014,
447,UnitedHealth Group health plan single affiliated covered entity,MN,2011,6678,Other,Paper,24/03/2014,
448,"Triumph, LLC",NC,2011,2000,Theft,Laptop,23/01/2014,
449,Fairview Health Services,MN,2011,14000,Theft,Laptop,23/01/2014,
450,Loma Linda University Medical Center (LLUMC),CA,2011,1366,Other,Paper,23/01/2014,
451,Ford Motor Company Salaried Health Reimbursement Arrangement (HRA) Plan,MI,2011,1700,Other,Other,24/03/2014,
452,"Medco Health Solutions, Inc.",NJ,2011,1287,Theft,Paper,20/06/2014,
453,Lakeview Medical Center,WI,2012,698,Theft,Laptop,23/01/2014,
454,"Goshen Health System, Inc.",IN,2011,660,Hacking/IT Incident,Other,23/01/2014,
455,Georgetown University Hospital,DC,2011,1549,Unauthorized Access/Disclosure,Paper,23/01/2014,
456,Motion Picture Industry Health Plans (MPI),CA,2009,703,Other,Other,14/02/2014,
457,Ochsner Health System,LA,2012,2088,Loss,Other Portable Electronic Device,23/01/2014,
458,Applegate Valley Family Medicine,OR,2011,2300,"Theft, Unauthorized Access/Disclosure",Laptop,23/01/2014,
459,"CardioNet, Inc.",PA,2011,728,Theft,Laptop,23/01/2014,
460,Presbyterian Healthcare Services,NM,2011,7000,Theft,Laptop,13/03/2014,
461,"Alliant Health Plans, Inc.",GA,2012,632,Unauthorized Access/Disclosure,Other,23/01/2014,
462,"FIRST MEDICAL CENTER, INC.",PR,2012,7706,Theft,Laptop,13/06/2014,
463,Lee Miller Rehabilitation Associates,MD,2012,10480,Theft,Network Server,23/01/2014,
464,"Jeremaih J. Twomey, F.A.C.P., P.A.",TX,2011,2559,Theft,Other,23/01/2014,
465,Anchorage Community Mental Health Services Inc.,AK,2011,2743,Unauthorized Access/Disclosure,Desktop Computer,23/01/2014,
466,Robley Rex VA Medical Center ,KY,2012,1182,Other,Paper,23/01/2014,
467,Indiana Internal Medicine Consultants,IN,2012,20000,Theft,Laptop,24/06/2014,
468,Policlinica La Familia IPA 343,PR,2012,5994,Theft,Laptop,03/06/2014,
469,Servicios Medicos Integrados de Fajardo,PR,2012,10000,Theft,"Laptop, Other Portable Electronic Device",23/04/2014,
470,Proveedores Aliados por tu SAlud,PR,2012,4645,Theft,Laptop,20/06/2014,
471,"Centro de Servicios de Cuidados Dirigidos, Inc. d/b/a Metro Salud grupo Profesional",PR,2012,27098,Theft,Laptop,20/06/2014,
472,Kern Medical Center ,CA,2012,1431,Theft,Paper,23/01/2014,
473,"William F. DeLuca Jr., M.D.",NY,2012,577,Theft,Laptop,02/06/2014,
474,Grupo Medico IPA -341,PR,2012,7923,Theft,Laptop,20/06/2014,
475,Advanced Clinical Research Institute,CA,2012,875,Theft,Paper,23/01/2014,
476,Access Medical Group -IPA 344,PR,2012,7606,Theft,"Laptop, Other Portable Electronic Device",13/06/2014,
477,Georgia Health Sciences University,GA,2012,513,Theft,Laptop,23/01/2014,
478,"Baylor Heart and Vascular Center, LLP",TX,2012,1972,Theft,Other Portable Electronic Device,23/01/2014,
479,Chicago Musculoskeletal Institute/Metro Orthopedics,IL,2011,750,Other,Network Server,24/03/2014,
480,"Tufts Associated Health Maintenance Organization, Inc. and Tufts Insurance Company",MA,2012,3482,Other,Paper,23/01/2014,
481,Duke University Health System,NC,2008,1370,Unauthorized Access/Disclosure,Other,23/04/2014,
482,St. Joseph's Medical Center,CA,2012,712,Theft,Paper,23/01/2014,
483,UnitedHealth Group health plan single affiliated covered entity,MN,2011,3537,Unauthorized Access/Disclosure,Other,24/03/2014,
484,CenterLight Healthcare,NY,2012,642,Unauthorized Access/Disclosure,E-mail,23/01/2014,
485,Lake Granbury Medical Center,TX,2012,502,Theft,Paper,23/01/2014,
486,County of Wayne Department of Personnel/Human Resources Benefits Administration Division,MI,2012,1229,Unauthorized Access/Disclosure,E-mail,10/06/2014,
487,St. Elizabeth's Medical Center,MA,2012,6831,Loss,Paper,23/01/2014,
488,The Neighborhood Christian Clinic,AZ,2012,9565,Loss,Other Portable Electronic Device,23/01/2014,
489,"AccentCare Home Health of California, Inc. Medicare # 057564    CA state License # 080000226",CA,2012,1000,Unauthorized Access/Disclosure,E-mail,23/01/2014,
490,Seton Health Plan,TX,2012,555,Unauthorized Access/Disclosure,Paper,23/01/2014,
491,awklein a med corp,CA,2011,2000,Theft,Other,23/01/2014,
492,Utah Department of Health,UT,2012,780000,Hacking/IT Incident,Network Server,23/01/2014,
493,IU Medical Group,IN,2012,1000,Improper Disposal,Paper,23/01/2014,
494,Rhinebeck Health Center/Center for Progressive Medicine,NY,2011,6745,Theft,"Desktop Computer, Network Server",03/06/2014,
495,Memorial Healthcare System,FL,2011,9497,Other,Other,23/01/2014,
496,"Roy E. Gondo, M.D.",WA,2012,2100,Theft,"Desktop Computer, Electronic Medical Record",23/01/2014,
497,"DRD Management, Inc. D/B/A DRD Knoxville Medical Clinic - Central",TX,2012,1000,Improper Disposal,Paper,23/01/2014,
498,Emory Healthcare,GA,2012,315000,"Unknown, Other",Other,23/01/2014,
499,"Rex Smith, DPM -Rex Smith Podiatry ",OR,2012,20915,Theft,Desktop Computer,23/01/2014,
500,Desert AIDS Project,CA,2012,4400,Theft,Desktop Computer,23/01/2014,
501,University of Arkansas for Medical Sciences,AR,2012,7121,Unauthorized Access/Disclosure,Other,23/01/2014,
502,"TLC DENTAL DANIA, LLC",FL,2012,750,Theft,Paper,20/02/2014,
503,South Carolina Department of Health and Human Services,SC,2012,228435,Unauthorized Access/Disclosure,E-mail,23/01/2014,
504,Oregon Health Authority,OR,2012,550,Theft,Paper,23/04/2014,
505,SHIELDS For Families ,CA,2012,961,Theft,Network Server,23/01/2014,
506,"Safe Ride Services, Inc",AZ,2011,42000,"Unauthorized Access/Disclosure, Hacking/IT Incident",Network Server,23/01/2014,
507,IntraCare North Hospital,TX,2011,750,Theft,Paper,23/01/2014,
508,"Oakland Vision Services, PC",MI,2012,3000,Hacking/IT Incident,Network Server,24/03/2014,
509,"Stephen Haggard, DPM Podiatry ",WA,2012,1597,Theft,Network Server,23/01/2014,
510,Baptist Health System,AL,2012,1655,Improper Disposal,Paper,23/01/2014,
511,University of Houston for UH College of Optometry,TX,2012,7000,"Unauthorized Access/Disclosure, Hacking/IT Incident",Network Server,23/01/2014,
512,Rite Aid Store 1343,WV,2012,2905,Theft,Paper,24/03/2014,
513,Iowa Department of Human Services,IA,2012,3000,Improper Disposal,Paper,23/01/2014,
514,Hogan Services Inc. Health Care Premium Plan,MO,2012,1134,Unauthorized Access/Disclosure,E-mail,23/01/2014,
515,"Family HealthServices Minnesota, P.A.",MN,2012,4000,Theft,Laptop,10/06/2014,
516,St. Mary Medical Center,CA,2012,3900,Loss,Other Portable Electronic Device,23/01/2014,
517,Fairview Health Services,MN,2011,623,Theft,Laptop,24/03/2014,
518,Our Lady of the Lake Regional Medical Center,LA,2012,17000,"Theft, Loss",Laptop,23/01/2014,
519,UnitedHealth Group health plan single affiliated covered entity,MN,2011,19100,Unauthorized Access/Disclosure,Other,23/01/2014,
520,West Dermatology,CA,2012,1900,Theft,Other,23/01/2014,
521,Duke University Health System,NC,2004,591,Unauthorized Access/Disclosure,Other,23/01/2014,
522,"Luz Colon, DPM  Podiatry ",FL,2012,1137,"Theft, Loss",Laptop,23/01/2014,
523,Ameritas Life Insurance Corp. ,NE,2012,3000,Theft,Laptop,23/01/2014,
524,Children's Hospital Boston,MA,2012,2159,Theft,Laptop,23/01/2014,
525,Upper Valley Medical Center,OH,2010,15000,Unauthorized Access/Disclosure,Other,23/01/2014,
526,Physician's Automated Laboratory,CA,2012,745,Theft,Paper,23/01/2014,
527,"Phoebe Putney Memorial Hospital, Inc. ",GA,2010,12937,Theft,"Electronic Medical Record, Paper",20/02/2014,
528,Independence Physical Therapy,CT,2011,925,Theft,Desktop Computer,23/01/2014,
529,Titus Regional Medical Center,TX,2012,5700,"Loss, Unknown",Laptop,23/01/2014,
530,Titus Regional Medical Center,TX,2012,500,Theft,Other,23/01/2014,
531,Lutheran Community Services Northwest,WA,2012,756,Theft,"Desktop Computer, Other Portable Electronic Device",23/01/2014,
532,"Volunteer State Health Plan, Inc. ",TN,2012,1102,Loss,Paper,23/01/2014,
533,Charlie Norwood VA Medical Center,GA,2012,824,Loss,Other Portable Electronic Device,23/01/2014,
534,"Mid America Health, Inc.",IN,2012,1444,Theft,Laptop,23/01/2014,
535,"Metcare of Florida, Inc.",FL,2012,2557,Theft,Other Portable Electronic Device,23/01/2014,
536,"Robert Witham, MD, FACP",OR,2012,11136,Theft,Desktop Computer,23/01/2014,
537,Memorial Sloan-Kettering Cancer Center,NY,2009,568,Theft,"E-mail, Other",03/06/2014,
538,"Gessler Clinic, P.A.",FL,2012,1409,Theft,Paper,23/01/2014,
539,University of Kentucky HealthCare,KY,2012,4490,Theft,Laptop,23/01/2014,
540,Wolf & Yun,KY,2012,824,Theft,Laptop,23/01/2014,
541,Karen Kietzman,MT,2012,708,Theft,"Laptop, Other Portable Electronic Device",21/03/2014,
542,"Bruce G. Peller, DMD, PA",NC,2012,9953,Unauthorized Access/Disclosure,Desktop Computer,23/01/2014,
543,"Sharon L. Rogers, Ph.D., ABPP",TX,2012,585,Theft,Laptop,23/01/2014,
544,Health Texas Provider Network - Cardiovascular Consultants of North Texas,TX,2012,2462,Unauthorized Access/Disclosure,Electronic Medical Record,23/01/2014,
545,SwedishAmerican Health System,IL,2012,1500,Theft,Paper,24/03/2014,
546,River Arch Dental,CA,2012,2533,"Loss, Unauthorized Access/Disclosure, Unknown",Other Portable Electronic Device,23/01/2014,
547,Hamner Square Dental ,CA,2012,1112,"Theft, Loss, Unauthorized Access/Disclosure, Unknown",Other Portable Electronic Device,23/01/2014,
548,Visiting Nurse Services of Iowa,IA,2012,1298,Theft,Paper,23/01/2014,
549,Molalla Family Dental,OR,2012,4354,"Unauthorized Access/Disclosure, Hacking/IT Incident, Other",Network Server,23/01/2014,
550,Pamlico Medical Equipment LLC,NC,2012,2917,Loss,Other Portable Electronic Device,23/01/2014,
551,Beth Israel Deaconess Medical Center,MA,2012,3900,Theft,Laptop,23/01/2014,
552,NYU School of Medicine Faculty Group Practice,NY,2012,8488,Theft,Desktop Computer,23/01/2014,
553,"Adult & Child Center, Inc.",IN,2012,550,Hacking/IT Incident,Other,23/01/2014,
554,"The Surgeons of Lake County, LLC",IL,2012,7067,Other,Network Server,23/01/2014,
555,Kindred Healthcare Inc d/b/a Kindred Transitional Care and Rehabilitation-Sellersburg,IN,2012,1504,Theft,Other,23/01/2014,
556,Jeffrey Paul Edelstein M.D.,AZ,2012,4800,Theft,Network Server,23/01/2014,
557,Northwestern Memorial Hospital,IL,2012,4211,Theft,"Laptop, Other Portable Electronic Device",23/01/2014,
558,Walgreen Co.,IL,2012,1240,Theft,Paper,23/01/2014,
559,VNA HealthCare,CT,2012,7461,Theft,Laptop,19/02/2014,
560,Hartford Hospital,CT,2012,2097,Theft,Laptop,23/04/2014,
561,Diversified Support Services,IN,2012,505,Hacking/IT Incident,Other,23/01/2014,
562,Oregon Health & Science University,OR,2012,702,Theft,Other,23/01/2014,
563,Stanford Hospital & Clinics and School of Medicine,CA,2012,2300,Theft,Desktop Computer,23/01/2014,
564,Midtown Mental Health Center,IN,2012,890,Hacking/IT Incident,Other,23/01/2014,
565,Harris County Hospital District,TX,2008,2875,Theft,"Electronic Medical Record, Paper",23/04/2014,
566,Howard University Hospital,DC,2012,66601,Theft,Laptop,23/01/2014,
567,TEMPLE COMMUNITY HOSPITAL,CA,2012,603,Theft,Desktop Computer,23/01/2014,
568,Memorial Healthcare System,FL,2011,105646,Theft,Electronic Medical Record,23/01/2014,
569,"Liberty Resources, Inc.",PA,2012,3183,Theft,Laptop,24/06/2014,
570,The University of Texas MD Anderson Cancer Center,TX,2012,2264,Loss,Other Portable Electronic Device,23/01/2014,
571,Central States Southeast and Siouthwest Areas Health & Welfare Fund,IL,2012,754,"Unauthorized Access/Disclosure, Other",Paper,23/01/2014,
572,LANA MEDICAL CARE,FL,2012,500,Theft,Laptop,23/01/2014,
573,"Cancer Care Group, P.C.",IN,2012,55000,Theft,Other Portable Electronic Device,24/03/2014,
574,Tricounty Behavioral Health Clinic,GA,2012,4000,Theft,Laptop,23/01/2014,
575,Sierra Plastic Surgery,NV,2011,800,"Unauthorized Access/Disclosure, Hacking/IT Incident",Network Server,23/01/2014,
576,"Charlotte Clark-Neitzel, MD",WA,2012,942,Theft,Laptop,23/01/2014,
577,University of Miami,FL,2012,64846,"Unauthorized Access/Disclosure, Other",Paper,23/01/2014,
578,University of New Mexico Health Sciences Center,NM,2012,2365,Hacking/IT Incident,Network Server,23/01/2014,
579,"Valley Plastic Surgery, P.C.",VA,2012,4873,Theft,Other Portable Electronic Device,24/03/2014,
580,Colon & Digestive Health Specialists,AR,2012,5713,Loss,Other Portable Electronic Device,23/01/2014,
581,"BHcare, Inc",CT,2012,5827,Theft,"Laptop, Other Portable Electronic Device",19/02/2014,
582,The Feinstein Institute for Medical Research,NY,2012,13000,Theft,Laptop,23/01/2014,
583,"St. Therese Medical Group, Inc",CA,2012,3031,Theft,Desktop Computer,23/01/2014,
584,"Cabinet for Health and Family Services, Department for Community Based Services (Protection and Permanency)",KY,2012,2500,Unauthorized Access/Disclosure,E-mail,23/01/2014,
585,"Litton & Giddings Radiological Associates, P.C.",MO,2012,13074,Improper Disposal,Paper,23/01/2014,
586,"Apria Healthcare, Inc.",CA,2012,65700,Theft,Laptop,23/01/2014,
587,"Alexander J. Tikhtman, M.D.",KY,2012,2376,Loss,Other Portable Electronic Device,23/01/2014,
588,Gulf Coast Health Care Services Inc,FL,2012,13000,"Theft, Unauthorized Access/Disclosure, Hacking/IT Incident",Network Server,23/01/2014,
589,"Blount Memorial Hospital, Inc",TN,2012,27799,Theft,Laptop,23/01/2014,
590,"Alere Home Monitoring, Inc",CA,2012,116506,Theft,Laptop,23/01/2014,
591,"Coastal home Respiratory, LLP",GA,2012,3440,Theft,Other,23/01/2014,
592," Philip P Corneliuson, DDS, INC.",CA,2012,980,Theft,Desktop Computer,23/01/2014,
593,"First Step Counseling, Inc.",NJ,2011,638,Theft,Paper,03/06/2014,
594,"Logan Community Resources, Inc.",IN,2012,2900,Hacking/IT Incident,Network Server,23/01/2014,
595,"David DiGiallorenzo, D.M.D.",PA,2012,2600,"Unauthorized Access/Disclosure, Hacking/IT Incident","Network Server, Electronic Medical Record",23/01/2014,
596,CVS Caremark,RI,2012,955,Theft,Paper,23/01/2014,
597,Memorial Hospital,OH,2012,500,Improper Disposal,Paper,24/03/2014,
598,"SURGICAL ASSOCIATES OF UTICA, PC",NY,2012,1017,Theft,Network Server,20/06/2014,
599,Illinois Department of Healthcare and Family Services,IL,2012,508,Theft,Paper,24/03/2014,
600,Miami Beach Healthcare Group Ltd. dba Aventura Hospital and Medical Center,FL,2012,2560,Theft,Electronic Medical Record,23/01/2014,
601,"WYATT DENTAL GROUP, LLC",LA,2011,10271,"Theft, Unauthorized Access/Disclosure",Electronic Medical Record,23/01/2014,
602,Women & Infants Hospital of Rhode Island,RI,2012,14004,Loss,Other,23/01/2014,
603,Memorial Health System,CO,2012,6262,Loss,Paper,23/01/2014,
604,CHRISTUS St. John Hospital,TX,2012,5748,Loss,Other Portable Electronic Device,23/01/2014,
605,L.A. Care Health Plan,CA,2012,18000,Other,Other,23/01/2014,
606,"Hawaii State Department of Health, Adult Mental Health Division",HI,2012,674,Hacking/IT Incident,Desktop Computer,23/01/2014,
607,"Soundental Associates, PC",CT,2012,14511,Theft,Other Portable Electronic Device,19/02/2014,
608,"Original Medicine Acupuncture & Wellness, LLC",NM,2012,540,Theft,Laptop,23/01/2014,
609,Brigham and Women's Hospital,MA,2012,615,Theft,Desktop Computer,23/01/2014,
610,"St. Francis Health Network, aka Franciscan Alliance ACO",IN,2012,2575,Other,Other,23/01/2014,
611,"James M. McGee, D.M.D., P.C.",GA,2012,1306,Theft,Paper,23/01/2014,
612,Robbins Eye Center PC,CT,2012,1749,Theft,Desktop Computer,23/01/2014,
613,"Advanced Data Processing, Inc.",FL,2012,10000,Theft,Desktop Computer,23/01/2014,
614,Cuyahoga County Board of Developmental Disabilities,OH,2012,613,Theft,Laptop,24/03/2014,
615,Okaloosa County Public Safety,FL,2012,715,Theft,Desktop Computer,23/01/2014,
616,City of Covington Kentucky Fire Department ,KY,2012,1548,Theft,Desktop Computer,23/01/2014,
617,Northern Trust,IL,2012,500,Unauthorized Access/Disclosure,Network Server,24/03/2014,
618,Vidant Pungo Hospital,NC,2012,1100,Improper Disposal,Paper,23/01/2014,
619,County of San Bernardino Department of Public Heatlh,CA,2012,1370,Unauthorized Access/Disclosure,Paper,23/01/2014,
620,City of Overland Park Fire Department,FL,2012,911,Theft,Desktop Computer,23/01/2014,
621,Sumner County Emergency Medical Services,TN,2012,774,Theft,Desktop Computer,23/01/2014,
622,City of El Centro Fire Department,CA,2012,1500,"Theft, Unauthorized Access/Disclosure",Desktop Computer,23/01/2014,
623,Landmark Medical Center,RI,2012,683,Theft,Laptop,23/01/2014,
624,City of Atlanta/ Atlanta Fire Rescue Department,GA,2012,908,Theft,Desktop Computer,23/01/2014,
625,University of Virginia Medical Center,VA,2012,1846,Loss,Other Portable Electronic Device,14/02/2014,
626,Osceola County EMS ,FL,2012,949,Theft,Desktop Computer,23/01/2014,
627,Carolinas Medical Center - Randolph,NC,2012,5600,Hacking/IT Incident,E-mail,23/01/2014,
628,"Coastal Behavioral Healthcare, Inc.",FL,2011,4907,Theft,Paper,23/01/2014,
629,"CCS Medical, Inc.",TX,2012,6601,Unauthorized Access/Disclosure,"Network Server, Other",23/01/2014,
630,"City of Gloucester, Fire Department",MA,2012,1286,Theft,Desktop Computer,23/01/2014,
631,Columbia University Medical Center and NewYork-Presbyterian Hospital,NY,2012,4929,Theft,Desktop Computer,23/01/2014,
632,Baptist Health System,AR,2012,811,Other,Paper,23/01/2014,
633,"DFA, Employee Benefits Division",AR,2012,7039,Other,Paper,23/01/2014,
634,Health Advantage,AR,2012,2863,Other,Paper,23/01/2014,
635,University of Michigan Health System,MI,2012,3999,Theft,Laptop,23/01/2014,
636,Westerville Dental Center,OH,2012,850,Theft,"Laptop, Network Server",23/01/2014,
637,"OHP PHSP, Inc.",NY,2012,28187,Unauthorized Access/Disclosure,Other,23/01/2014,
638,"Center for Orthopedic Research and Education, Inc.",AZ,2012,35488,Theft,Paper,23/04/2014,
639,Calif. Dept. of Health Care Services (DHCS),CA,2012,2643,Unauthorized Access/Disclosure,Other,23/01/2014,
640,Richard Switzer MD PC,MI,2011,4100,Other,Laptop,24/03/2014,
641,Gibson General Hospital,IN,2012,28893,Theft,Laptop,24/03/2014,
642,"Sovereign Medical Group, LLC",NJ,2012,27800,"Theft, Hacking/IT Incident",Network Server,23/01/2014,
643,"Cabinet for Health & Family Services, Department of Medicaid Services",KY,2012,1090,Hacking/IT Incident,Laptop,23/01/2014,
644,"Harbor Medical Associates, P.C.",MA,2012,4343,Hacking/IT Incident,Network Server,23/01/2014,
645,Sentara Healthcare,VA,2012,56820,Theft,Laptop,14/02/2014,
646,St. Mark's Medical Center,TX,2012,2988,Hacking/IT Incident,Desktop Computer,23/01/2014,
647,Group Health Incorporated,NY,2012,1771,Theft,Paper,20/06/2014,
648,"Calvin Schuster,MD",CA,2012,532,Theft,Desktop Computer,23/01/2014,
649,"Granite Medical Group, Inc.",MA,2010,4125,Hacking/IT Incident,Network Server,19/02/2014,
650,University of Nevada School of Medicine,NV,2012,1483,Improper Disposal,Paper,23/01/2014,
651,Dimensions Healthcare System,MD,2012,635,Unauthorized Access/Disclosure,Paper,25/03/2014,
652,SilverScript Insurance Company,AZ,2012,852,Unauthorized Access/Disclosure,Paper,23/01/2014,
653,South Jersey Hospital Inc.,NJ,2012,8555,Theft,Laptop,23/01/2014,
654,"Child & Family Psychological Services, Inc.",MA,2012,7250,Hacking/IT Incident,Network Server,23/01/2014,
655,Pousson Family Dentistry,LA,2012,1400,Theft,Laptop,23/01/2014,
656,South Shore Medical Center,MA,2007,4100,Hacking/IT Incident,Network Server,23/01/2014,
657,"Lee D. Pollan, DMD, PC",NY,2012,19178,Theft,Laptop,28/05/2014,
658,Washington University School of Medicine,MO,2012,1105,Theft,Laptop,23/01/2014,
659,Riderwood Village,MD,2012,3230,Theft,Laptop,23/01/2014,
660,WAYNE MEMORIAL HOSPITAL,PA,2012,1184,Loss,Other,24/03/2014,
661,Baptist Health System,TX,2011,678,Unauthorized Access/Disclosure,Electronic Medical Record,13/03/2014,
662,Baillie Lumber Co. Group Health Plan,NY,2012,725,Theft,Paper,20/06/2014,
663,The University of Texas MD Anderson Cancer Center,TX,2012,29021,Theft,Laptop,23/01/2014,
664,"Western Wisconsin Medical Association, S.C. - River Falls Medical Clinics",WI,2012,2400,Theft,Paper,24/03/2014,
665,Boy Scouts of America Employee Benefit Plan,TX,2012,8911,Theft,Desktop Computer,23/01/2014,
666,Kmart Corporation,IL,2013,16988,Improper Disposal,Paper,12/02/2014,
667,Community Services NW,AL,2012,2400,Theft,Desktop Computer,23/04/2014,
668,American HomePatient Inc. ,TN,2012,1103,Theft,Laptop,23/01/2014,
669,Yadkinville Chiropractic DCPA,NC,2013,1000,Theft,Desktop Computer,12/02/2014,
670,"Intervention Services, Inc.",FL,2013,1200,Theft,Laptop,23/01/2014,
671,West Georgia Ambulance,GA,2012,500,Loss,Laptop,23/01/2014,
672,"Center for Pain Management, LLC",MD,2013,5822,Theft,Laptop,23/01/2014,
673,Multiple Health Plans,CA,2013,1368,"Theft, Other",Paper,23/01/2014,
674,Froedtert Health,WI,2012,43549,Unauthorized Access/Disclosure,Other,24/03/2014,
675,Jackson Health System,FL,2011,566,Other,Paper,23/01/2014,
676,Riderwood Village,MD,2012,5270,Theft,Laptop,23/01/2014,
677,"Kindred Healthcare, Inc. d/b/a Kindred Transitional Care and Rehabilitation - Marl",MA,2012,716,Theft,Other Portable Electronic Device,23/01/2014,
678,"HomeCare of Mid-Missouri, Inc.",MO,2012,4027,Theft,Laptop,23/01/2014,
679,Heyman HospiceCare at Floyd,GA,2013,1819,Theft,Laptop,23/01/2014,
680,Agency for Health Care Administration,FL,2012,1892,Unauthorized Access/Disclosure,Paper,23/01/2014,
681,ABQ HealthPartners,NM,2012,778,Theft,Laptop,23/01/2014,
682,Terrell County Health Department,GA,2012,18000,Unauthorized Access/Disclosure,Network Server,23/01/2014,
683,Florida Healthy Kids Corporation,FL,2012,3667,Unauthorized Access/Disclosure,Paper,23/01/2014,
684,Stronghold Counseling Services Inc,SD,2012,8500,Theft,Desktop Computer,23/01/2014,
685,Arizona Oncology,AZ,2012,501,Theft,Laptop,23/01/2014,
686,Crescent Health Inc. - a Walgreens Company,CA,2012,109000,Theft,Desktop Computer,23/01/2014,
687,"County of San Bernardino, Department of Behavioral Health",CA,2013,686,Theft,Paper,23/01/2014,
688,"WOMENS HEALTH ENTERPRISE, INC.",GA,2013,3000,Theft,Laptop,23/01/2014,
689,The Brookdale University Hospital and Medical Center,NY,2012,2261,Theft,Paper,20/06/2014,
690,The Brookdale University Hospital and Medical Center,NY,2012,28187,Theft,Other Portable Electronic Device,20/06/2014,
691,"Ultra Stores, Inc.",IL,2012,500,Unauthorized Access/Disclosure,Other,24/03/2014,
692,South Miami Hospital,FL,2011,834,Unauthorized Access/Disclosure,Electronic Medical Record,23/01/2014,
693,Lancaster General Medical Group,PA,2013,527,Theft,Paper,23/01/2014,
694,Maine Medical Center,ME,2013,1920,Other,E-mail,12/02/2014,
695,"State of California, Dept. of Developmental Services",CA,2012,18162,Theft,Laptop,23/01/2014,
696,Utah Department of Health ,UT,2013,6332,Loss,Other Portable Electronic Device,23/01/2014,
697,Sports Rehabilitation Consultants,OH,2013,1200,Theft,Desktop Computer,12/02/2014,
698,University of Connecticut Health Center,CT,2010,1382,Unauthorized Access/Disclosure,Network Server,23/01/2014,
699,"United HomeCare Services, Inc.",FL,2013,12299,Theft,Laptop,23/01/2014,
700,United Home Care Services of Southwest Florida< LLC,FL,2013,1318,Theft,Laptop,23/01/2014,
701,"catoctin Dental/Richard B. Love, DDS, PA",MD,2013,6400,Hacking/IT Incident,Network Server,23/01/2014,
702,Empire Blue Cross Blue Shield,IN,2011,2608,"Theft, Unauthorized Access/Disclosure",Network Server,23/01/2014,
703,Anthem Blue Cross Blue Shield (OH),IN,2011,1678,"Theft, Unauthorized Access/Disclosure",Network Server,23/01/2014,
704,Anthem Blue Cross Blue Shield (IN),IN,2011,528,"Theft, Unauthorized Access/Disclosure",Network Server,23/01/2014,
705,Mount Sinai Medical Center,FL,2012,628,Theft,"Desktop Computer, Paper",23/01/2014,
706,"Thomas L. Davis, Jr. DDS",OR,2013,3269,Theft,"Desktop Computer, Electronic Medical Record",23/01/2014,
707,"HealthCare for Women, Inc.",MA,2013,8727,Hacking/IT Incident,Network Server,23/01/2014,
708,University of Mississippi Medical Center,MS,2012,500,Loss,Laptop,23/01/2014,
709,Granger Medical Clinic,UT,2013,2600,"Theft, Loss, Other",Paper,12/02/2014,
710,Texas Tech Unversity Health Sciences Center,TX,2013,697,Unauthorized Access/Disclosure,Paper,23/01/2014,
711,Rite Aid #10217,RI,2013,2082,"Unknown, Other",Paper,12/02/2014,
712,WA Department of Social and Health Services,WA,2013,629,Theft,Laptop,23/01/2014,
713,Carpenters Health & Welfare Trust Fund for California,CA,2013,2400,Unauthorized Access/Disclosure,Paper,23/01/2014,
714,"Shands Jacksonville Medical Center, Inc.",FL,2012,1025,"Theft, Unauthorized Access/Disclosure",Electronic Medical Record,23/01/2014,
715,University of Florida,FL,2009,14519,"Theft, Unauthorized Access/Disclosure, Other",Network Server,23/01/2014,
716,Kmart Corporation,IL,2013,12542,Theft,Electronic Medical Record,12/02/2014,
717,GLENS FALLS HOSPITAL,NY,2012,2360,Theft,Network Server,03/06/2014,
718,Hospice and Palliative Care Center of Alamance Caswell,NC,2013,5370,"Theft, Unauthorized Access/Disclosure","Laptop, Paper",23/01/2014,
719,"Texas Health Care, P.L.L.C.",TX,2013,554,Theft,Paper,23/01/2014,
720,Network Health Insurance Corporation,WI,2012,3794,Unauthorized Access/Disclosure,Paper,24/03/2014,
721,Wm. Jennings Bryan Dorn VAMC,SC,2013,7405,Loss,Laptop,23/01/2014,
722,John J. Pershing VA Medical Center,MO,2013,589,Theft,Paper,20/06/2014,
723,Oregon Health & Science University,OR,2013,1076,Theft,Laptop,23/01/2014,
724,Schneck Medical Center,IN,2013,3131,Unauthorized Access/Disclosure,Other,12/02/2014,
725,The Guidance Center of Westchester,NY,2013,1416,Theft,Desktop Computer,23/01/2014,
726,Hope Hospice,TX,2012,818,Other,E-mail,23/01/2014,
727,"IHC Health Services, Inc. dba Intermountain Life Flight",UT,2013,857,Unauthorized Access/Disclosure,Other,12/02/2014,
728,Valley Mental Health,UT,2013,700,Theft,Desktop Computer,23/01/2014,
729,Delta Dental of Pennsylvania,PA,2013,14829,Loss,Paper,23/01/2014,
730,Raleigh Orthopaedic Clinic,NC,2013,17300,"Theft, Improper Disposal, Unauthorized Access/Disclosure",Paper,23/01/2014,
731,Laboratory Corporation of America,NC,2013,1580,Theft,Desktop Computer,12/02/2014,
732,"Arizona Counseling & Treatment Services, LLC",AZ,2013,3800,Theft,Other Portable Electronic Device,23/01/2014,
733,Wood County Hospital,OH,2013,2500,Theft,Other,23/01/2014,
734,University of Rochester Medical Center & Affiliates,NY,2013,537,Loss,Other Portable Electronic Device,23/01/2014,
735,Orthopedics & Adult Reconstructive Surgery,TX,2013,22000,Loss,Other Portable Electronic Device,23/01/2014,
736,El Centro Regional Medical Center,CA,2012,189489,Improper Disposal,Paper,23/01/2014,
737,Seattle - King County Department of Public Health,WA,2013,750,Improper Disposal,Paper,23/01/2014,
738,Regional Medical Center,TN,2013,1180,Unauthorized Access/Disclosure,E-mail,23/01/2014,
739,Presbyterian Anesthesia Associates PA,NC,2013,9988,Hacking/IT Incident,Network Server,23/01/2014,
740,"Integrity Oncology, an office of Baptist Medical Group",TN,2013,539,Other,Desktop Computer,23/01/2014,
741,"Piedmont HealthCare, P.A.",NC,2013,1924,Hacking/IT Incident,Network Server,23/01/2014,
742,Indiana University Health Arnett,IN,2013,10350,Theft,Laptop,23/01/2014,
743,"Dent Neurologic Group, LLP",NY,2013,10000,Other,E-mail,23/01/2014,
744,City of Norwood,OH,2013,9577,Loss,Laptop,23/01/2014,
745,Lutheran Social Services of South Central Pennsylvania,PA,2012,7803,Hacking/IT Incident,Network Server,23/01/2014,
746,Comfort Dental Marion and Kokomo,IN,2013,5388,Improper Disposal,Other,23/01/2014,
747,Erskine Family Dentistry,IN,2013,2723,Hacking/IT Incident,Desktop Computer,12/02/2014,
748,Health Resources of Arkansas,AR,2013,1900,"Theft, Unauthorized Access/Disclosure",Other,23/01/2014,
749,Various Health Plans,AL,2013,3164,Theft,Laptop,23/01/2014,
750,Independence Care System,NY,2013,2434,Theft,Laptop,23/01/2014,
751,Sonoma Valley Hospital,CA,2013,1386,Other,Other,23/01/2014,
752,University of Florida,FL,2012,5875,"Theft, Unauthorized Access/Disclosure",Electronic Medical Record,23/01/2014,
753,"Community Support Services, Inc.",OH,2013,1167,Theft,E-mail,12/02/2014,
754,UMASSAmherst,MA,2012,1670,Hacking/IT Incident,Desktop Computer,23/01/2014,
755,Palm Beach County Health Department,FL,2013,877,Unauthorized Access/Disclosure,Desktop Computer,23/01/2014,
756,Lucile Packard Children's Hospital,CA,2013,12900,Theft,Laptop,23/01/2014,
757,Fayetteville VAMC,NC,2013,1093,Improper Disposal,Paper,23/01/2014,
758,Lincoln County Health and Human Services/Lincoln Community Health Center,OR,2013,959,Unauthorized Access/Disclosure,Paper,23/01/2014,
759,Union Security Insurance Company,MO,2013,1127,Improper Disposal,E-mail,23/01/2014,
760,"Gulf Breeze Family Eyecare, Inc",FL,2013,9626,"Theft, Unauthorized Access/Disclosure","Desktop Computer, Network Server, E-mail, Electronic Medical Record, Paper",23/01/2014,
761,Jacksonville Spine Center,FL,2013,5200,Unauthorized Access/Disclosure,Paper,23/01/2014,
762,Iowa Department of Human Services,IA,2013,7335,"Loss, Unknown",Other,23/01/2014,
763,James A. Fosnaugh,NE,2013,2125,Loss,Other Portable Electronic Device,23/01/2014,
764,Lone Star Circle of Care,TX,2013,1955,Theft,Laptop,23/01/2014,
765,Aflac,GA,2013,679,Theft,Laptop,23/01/2014,
766,Indiana Family & Social Services Administration,IN,2013,187533,Other,Paper,23/01/2014,
767,Northrop Grumman Retiree Health Plan,VA,2013,4305,Theft,Paper,24/06/2014,
768,"Health Net, Inc.",CA,2013,8331,Other,Paper,23/01/2014,
769,"South Florida Neurology Associates, P.A.",FL,2013,900,Theft,Laptop,23/01/2014,
770,Samaritan Regional Health System,OH,2013,2203,Other,Paper,23/01/2014,
771,MED-EL Coproration,NC,2013,609,Other,E-mail,23/01/2014,
772,Sutter Health East Bay Region (Alta Bates Summit Medical Center; Sutter Delta Medical Center; Eden Medical Center),CA,2011,4479,Unauthorized Access/Disclosure,E-mail,23/01/2014,
773,Illinois Department of Healthcare and Familiy Services,IL,2013,3133,Other,Paper,23/01/2014,
774,Delta Dental of Pennsylvania,PA,2013,4718,Loss,Paper,23/01/2014,
775,"Medtronic, Inc.",MN,2013,2764,Loss,Paper,23/01/2014,
776,Texas Health Harris Methodist Hospital Fort Worth,TX,2013,277014,Improper Disposal,Other,23/01/2014,
777,Long Beach Memorial Medical Center,CA,2012,2864,Unauthorized Access/Disclosure,Electronic Medical Record,23/01/2014,
778,Hansen & Associates,WY,2013,2700,Theft,Desktop Computer,10/06/2014,
779,Sheet Metal Local 36 Welfare Fund,MO,2012,4560,Unauthorized Access/Disclosure,Other,23/01/2014,
780,Harris County,TX,2005,21000,Unauthorized Access/Disclosure,Desktop Computer,23/01/2014,
781,"San Jose Medical Supply Co., Inc.",CA,2011,800,"Theft, Unauthorized Access/Disclosure, Hacking/IT Incident","Desktop Computer, Network Server",23/01/2014,
782,"GEO Care, LLC",FL,2013,710,Unauthorized Access/Disclosure,Desktop Computer,23/01/2014,
783,The Brookdale Hospital and Medical Center,NY,2013,2700,Loss,Other Portable Electronic Device,23/01/2014,
784,Louisiana State University Health Care Services Division,LA,2011,6994,Unauthorized Access/Disclosure,Desktop Computer,23/01/2014,
785,Oregon Health & Science University,OR,2011,1361,Unauthorized Access/Disclosure,Other,31/01/2014,
786,"Rocky Mountain Spine Clinic, P.C.",CO,2013,532,"Theft, Unauthorized Access/Disclosure",Network Server,23/01/2014,
787,"Vitreo-Retinal Medical Group, Inc. ",CA,2013,1837,Theft,Laptop,23/01/2014,
788,Arkansas Department of Human Services,AR,2013,1911,Theft,Laptop,12/02/2014,
789,Baylor All Saints Medical Center at Fort Worth,TX,2013,940,Unauthorized Access/Disclosure,Other Portable Electronic Device,12/02/2014,
790,"Cogent Healthcare, Inc.",TN,2013,32151,Unauthorized Access/Disclosure,Network Server,23/01/2014,
791,Young Family Medicine Inc.,OH,2013,2045,Theft,Laptop,23/01/2014,
792,Hancock OB/GYN,IN,2011,1396,Unauthorized Access/Disclosure,Electronic Medical Record,23/01/2014,
793,Colfax,IN,2013,5497,Other,Other,12/02/2014,
794,Missouri Department of Social Services,MO,2011,1357,Unauthorized Access/Disclosure,Paper,23/01/2014,
795,Foundations Recovery Network,TN,2013,5690,Theft,Laptop,23/01/2014,
796,California Correctional Health Care Services,CA,2013,1033,Other,Paper,23/01/2014,
797,North Texas Comprehensive Spine & Pain Center,TX,2013,3200,"Theft, Loss",Other Portable Electronic Device,12/02/2014,
798,Minne-Tohe Health Center/Elbowoods Memorial Health Center,ND,2011,10000,"Improper Disposal, Unauthorized Access/Disclosure","Desktop Computer, Other",23/01/2014,
799,Jackson Health System,FL,2013,1471,Other,Paper,23/01/2014,
800,"Advocate Health and Hospitals Corporation, d/b/a Advocate Medical Group",IL,2013,4029530,Theft,Desktop Computer,23/01/2014,
801,"Summit Community Care Clinic, Inc.",CO,2013,921,Hacking/IT Incident,Desktop Computer,23/01/2014,
802,UT Physicians,TX,2013,596,"Theft, Loss",Laptop,23/01/2014,
803,Parkview Community Hospital Medical Center,CA,2013,32000,Other,Network Server,23/01/2014,
804,Atlanta Center for Reproductive Medicine,GA,2013,654,Other,E-mail,23/01/2014,
805,St. Anthony's Physician Organization,MO,2013,2600,Theft,"Laptop, Other Portable Electronic Device",23/01/2014,
806,Janna Benkelman LPC LLC,CO,2013,1500,Theft,Laptop,23/01/2014,
807,Olson & White Orthodontics,MO,2013,10000,Theft,"Desktop Computer, Network Server",23/01/2014,
808,Kaiser Foundation Health Plan of the Northwest,OR,2013,647,Unauthorized Access/Disclosure,Electronic Medical Record,23/01/2014,
809,"Hankyu Chung, M.D.",CA,2013,2182,Theft,Laptop,23/01/2014,
810,"ICS Collection Service, Inc. on behalf of University of Chicago Physicians Group",IL,2013,1290,Hacking/IT Incident,Other,23/01/2014,
811,ACO of Puerto Rico,PR,2013,5000,Theft,Network Server,20/06/2014,
812,"NHC HealthCare, Oak Ridge",TN,2013,4268,Loss,Other,13/03/2014,
813,"NHC HealthCare, Mauldin",SC,2013,4204,Improper Disposal,Other,13/03/2014,
814,Advocate Health and Hospitals Corporation d/b/a Advocate Medical Group ,IL,2013,2029,Hacking/IT Incident,Network Server,12/02/2014,
815,Dreyer Medical Clinic,IL,2013,998,Hacking/IT Incident,Network Server,23/01/2014,
816,"South Shore Physicians, PC",NY,2006,8000,Theft,Network Server,23/01/2014,
817,Dermatology Associates of Tallahassee,FL,2013,916,Unknown,Other,23/01/2014,
818,Sierra View District Hospital,CA,2013,1009,Unauthorized Access/Disclosure,Electronic Medical Record,23/01/2014,
819,Missouri Department of Social Services,MO,2009,25461,Unauthorized Access/Disclosure,Paper,12/02/2014,
820,"Holy Cross Hospital, Inc.",FL,2013,9900,"Theft, Unauthorized Access/Disclosure","Desktop Computer, Network Server",23/01/2014,
821,Region Ten Community Services Board,VA,2013,10228,Hacking/IT Incident,E-mail,23/01/2014,
822,Comprehensive Podiatry LLC,OH,2013,1360,Theft,Laptop,23/01/2014,
823,Santa Clara Valley Medical Center,CA,2013,579,Theft,Laptop,23/01/2014,
824,"Sarah Benjamin, DPM - Littleton Podiatry ",CO,2013,3512,Theft,Laptop,23/01/2014,
825,"Carol L. Patrick, Ph.D.",OH,2013,517,Theft,Network Server,23/01/2014,
826,HOPE Family Health,TN,2013,6932,Theft,Laptop,23/01/2014,
827,"Paul G. Klein, DPM",NJ,2013,2500,Theft,Laptop,20/06/2014,
828,UnityPoint Health Affiliated Covered Entity (\UnityPoint\),IA,2013,1825,Unauthorized Access/Disclosure,Electronic Medical Record,23/01/2014,
829,TSYS Employee Health Plan,GA,2013,5232,Theft,E-mail,23/01/2014,
830,"University of California, San Francisco",CA,2013,3553,Theft,"Laptop, Paper",23/01/2014,
831,"Reconstructive Orthopaedic Associates II, P.C. d/b/a Rothman Institute",PA,2013,2350,"Theft, Unauthorized Access/Disclosure",Paper,23/01/2014,
832,Group Health Cooperative,WA,2013,1015,Other,Paper,23/01/2014,
833,Schuylkill Health System,PA,2013,2810,Theft,Laptop,23/01/2014,
834,CaroMont Medical Group,NC,2013,1310,Other,E-mail,23/01/2014,
835,Mount SInai Medical Center,NY,2013,1586,Improper Disposal,Paper,23/01/2014,
836,Memorial Hospital of Lafayette County,WI,2013,4330,Unauthorized Access/Disclosure,Paper,23/01/2014,
837,Saint Louis University,MO,2013,3100,Unauthorized Access/Disclosure,E-mail,23/01/2014,
838,MUSC Physicians & MUHA,SC,2013,7120,Hacking/IT Incident,Network Server,12/02/2014,
839,Ferris State University - MI College of Optometry,MI,2011,3947,Hacking/IT Incident,Network Server,23/01/2014,
840,"Access Counseling, LLC",IN,2013,566,Theft,Laptop,23/01/2014,
841,Rose Medical Center,CO,2013,606,Improper Disposal,Paper,23/01/2014,
842,BriovaRx,IL,2013,1067,Unauthorized Access/Disclosure,E-mail,23/01/2014,
843,"North Country Hospital and Health Center, Inc",VT,2013,550,Theft,Laptop,23/01/2014,
844,"Hope Community Resources, Inc.",AK,2013,1556,Unauthorized Access/Disclosure,E-mail,23/01/2014,
845,Broward Health Medical Center,FL,2012,960,Unauthorized Access/Disclosure,Desktop Computer,23/01/2014,
846,Sentara Healthcare,VA,2012,3645,Theft,"Electronic Medical Record, Paper",23/01/2014,
847,Mount Sinai Medical Center,NY,2013,610,Loss,Other Portable Electronic Device,12/02/2014,
848,Texas Health Presbyterian Dallas Hospital,TX,2013,949,Theft,Desktop Computer,12/02/2014,
849,Seton Healthcare Family,TX,2013,5500,Theft,Laptop,23/01/2014,
850,BRONX-LEBANON HOSPITAL CENTER,NY,2009,10930,Unauthorized Access/Disclosure,Network Server,23/01/2014,
851,"Martin Luther King Jr. Health Center, Inc.",NY,2009,37000,Unauthorized Access/Disclosure,Network Server,23/01/2014,
852,SSM St. Mary's Health Center,MO,2013,1300,Unauthorized Access/Disclosure,E-mail,23/01/2014,
853,Good Samaritan Hospital,CA,2013,3833,Theft,Laptop,23/01/2014,
854,SSM Health Care of Wisconsin DBA: St. Mary's Janesville Hospital,WI,2013,631,Theft,Laptop,23/01/2014,
855,AHMC Healthcare Inc. and affiliated Hospitals,CA,2013,729000,Theft,Laptop,23/01/2014,
856,"Greater Dallas Orthopaedics, PLLC",TX,2013,5840,Theft,Desktop Computer,23/01/2014,
857,"Spirit Home Health Care, Corp",FL,2013,603,Improper Disposal,Paper,23/01/2014,
858,Rotech Healthcare Inc.,FL,2010,10680,Unauthorized Access/Disclosure,Laptop,18/02/2014,
859,"Reimbursement Technologies, Inc.",PA,2013,2300,Unauthorized Access/Disclosure,Network Server,23/01/2014,
860,Comprehensive Psychological Services LLC,SC,2013,3500,Theft,Laptop,23/01/2014,
861,"Superior HealthPlan, Inc.",TX,2013,6284,Other,Paper,23/01/2014,
862,Genesis Rehabilitation Services,PA,2013,1167,Loss,Other Portable Electronic Device,23/01/2014,
863,"Colorado Health & Wellness, Inc.",CO,2013,651,"Theft, Unauthorized Access/Disclosure",Electronic Medical Record,23/01/2014,
864,Barnabas Health Medical Group,NJ,2013,1100,Theft,Laptop,23/01/2014,
865,"DaVita, a division of DaVita HealthCare Partners Inc",CO,2013,11500,"Theft, Other",Laptop,23/01/2014,
866,Blue Cross and Blue Shield of North Carolina,NC,2013,687,Unauthorized Access/Disclosure,Paper,23/01/2014,
867,North Carolina Department of Health and Human Services - Division of State Operated Health Care Facilities  ,NC,2013,1315,Unauthorized Access/Disclosure,Other,23/01/2014,
868,Puerto Rico Health Insurance Administration (PRHIA),PR,2013,13336,Unauthorized Access/Disclosure,Paper,23/01/2014,
869,Triple-S Salud ,PR,2013,70189,Unauthorized Access/Disclosure,Paper,23/01/2014,
870,Associated Urologists of North Carolina,NC,2012,7300,Other,Other,23/01/2014,
871,Kemmet Dental Design ,ND,2013,2000,"Theft, Other",Paper,23/01/2014,
872,Hospice of the Chesapeake,MD,2013,7606,Unauthorized Access/Disclosure,E-mail,23/01/2014,
873,"Scottsdale Dermatology, LTD",AZ,2013,1456,Theft,Other,23/01/2014,
874,Memorial Sloan-Kettering Cancer Center,NY,2013,2279,Loss,Other Portable Electronic Device,18/02/2014,
875,Gerdau Ameristeel Health and Welfare Plan,FL,2013,3804,Theft,Laptop,18/02/2014,
876,Gerdau Macsteel Health and Welfare Plan,MI,2013,4837,Theft,Laptop,18/02/2014,
877,UHS-Pruitt Corporation,GA,2013,1300,Theft,Laptop,23/01/2014,
878,"United Dynacare, LLC dba Dynacare Laboratories",WI,2013,9328,Theft,Other Portable Electronic Device,23/01/2014,
879,Redwood Memorial Hospital,CA,2013,1039,Loss,Other Portable Electronic Device,23/01/2014,
880,Kaiser Foundation Hospital- Orange County,CA,2013,49000,Loss,Other Portable Electronic Device,23/01/2014,
881,Jones Chiropractic and Maximum Health,IN,2013,1500,Theft,Desktop Computer,23/01/2014,
882,Ronald Schubert MD PLLC,WA,2013,950,Theft,Laptop,23/01/2014,
883,UPMC,PA,2012,1279,Unauthorized Access/Disclosure,Electronic Medical Record,18/02/2014,
884,UW Medicine,WA,2013,76183,Hacking/IT Incident,Desktop Computer,18/02/2014,
885,City of Chicago,IL,2013,2080,Unauthorized Access/Disclosure,Network Server,23/01/2014,
886,CIty of Joliet,IL,2013,1573,Unauthorized Access/Disclosure,E-mail,23/01/2014,
887,SIU HealthCare,IL,2013,1891,"Theft, Loss",Laptop,23/01/2014,
888,The Good Samaritan Health Center,GA,2013,5000,Other,Desktop Computer,23/01/2014,
889,UniHealth Source,GA,2013,4500,Theft,Laptop,23/01/2014,
890,Walgreen Co.,IL,2013,17350,Other,Paper,23/01/2014,
891,Methodist Dallas Medical Center,TX,2005,44000,Unauthorized Access/Disclosure,Other,23/01/2014,
892,Florida Digestive Health Specialists,FL,2013,4400,Unauthorized Access/Disclosure,Desktop Computer,23/01/2014,
893,"Northside Hospital, Inc.",GA,2013,4879,Loss,Laptop,23/01/2014,
894,"Health Help, Inc.",KY,2013,535,Theft,Other Portable Electronic Device,23/01/2014,
895,L.A. Gay & Lesbian Center,CA,2013,59000,Hacking/IT Incident,Network Server,23/01/2014,
896,Mosaic,NE,2013,3857,Other,E-mail,23/01/2014,
897,New Jersey Department of Human Services,NJ,2013,9642,Loss,Other Portable Electronic Device,23/01/2014,
898,"Fairfax County, Virginia",VA,2013,1499,Unauthorized Access/Disclosure,Network Server,23/01/2014,
899,Wyoming Department of Health,WY,2013,11935,Unauthorized Access/Disclosure,Network Server,23/01/2014,
900,Shiloh Medical Clinic,MT,2013,1900,Unauthorized Access/Disclosure,"Desktop Computer, E-mail",23/01/2014,
901,South Carolina Health Insurance Pool,SC,2013,3432,Theft,Laptop,23/01/2014,
902,Tennova Cardiology,TN,2013,2777,Theft,Laptop,23/01/2014,
903,Delta Dental of Pennsylvania,PA,2013,1674,Loss,Paper,13/03/2014,
904,"Molina Healthcare of Texas, Inc.",TX,2013,2826,Other,Paper,23/01/2014,
905,"Rob Meaglia, DDS",CA,2013,1400,Theft,Desktop Computer,23/01/2014,
906,Jeff Spiegel,MA,2013,832,Unauthorized Access/Disclosure,E-mail,13/03/2014,
907,Tranquility Counseling Services,NC,2013,1683,Other,Paper,23/01/2014,
908,Florida Department of Health,FL,2013,2354,Unauthorized Access/Disclosure,Desktop Computer,05/03/2014,
909,"New Mexico Oncology Hematology Consultants, LTD",NM,2013,12354,Theft,Laptop,23/01/2014,
910,Department of Health Care Policy & Financing,CO,2013,1918,Unauthorized Access/Disclosure,E-mail,21/02/2014,
911,"Horizon Healthcare Services, Inc., doing business as Horizon Blue Cross Blue Shield of New Jersey, and its affiliates",NJ,2013,839711,Theft,Laptop,21/02/2014,
912,Phoebe Putney Memorial Hospital,GA,2013,6989,Loss,Desktop Computer,11/02/2014,
913,Coulee Medical Center,WA,2010,2500,Unauthorized Access/Disclosure,"Laptop, Network Server, E-mail",11/02/2014,
914,University of Pennsylvania Health System,PA,2013,3000,Other,Paper,11/02/2014,
915,North Carolina Department of Health and Human Services ,NC,2013,48752,Unauthorized Access/Disclosure,Other,11/02/2014,
916,101 FAMILY MEDICAL GROUP,CA,2013,2500,Theft,Laptop,11/02/2014,
917,Tri Lakes Medical Center,MS,2013,1489,Hacking/IT Incident,Network Server,11/02/2014,
918,VA Dept. of Medical Assistance Services,VA,2013,25513,"Unauthorized Access/Disclosure, Other",Paper,11/02/2014,
919,Cook County Health & Hospitals System,IL,2013,22511,Other,E-mail,11/02/2014,
920,Southwest General Health Center,OH,2013,953,Unknown,Other,30/05/2014,
921,"Robert B. Neves, M.D., Inc",CA,2011,611,Theft,Laptop,24/01/2014,
922,"Triple-S Salud, Inc.",PR,2010,398000,Theft,Network Server,18/02/2014,
923,"Triple-S Salud, Inc.",PR,2008,8000,"Theft, Unauthorized Access/Disclosure",Network Server,24/01/2014,
924,Urology Centers of Alabama PC and Urology Health Foundation,AL,2013,1085,Other,Other,03/06/2014,
925,Medical Mutual of Ohio,OH,2013,1420,Unauthorized Access/Disclosure,Paper,13/06/2014,
926,Unity Health Plans Insurance Corporation,WI,2013,41437,Loss,Other Portable Electronic Device,21/02/2014,
927,The University of Texas MD Anderson Cancer Center,TX,2013,3598,Loss,Other Portable Electronic Device,11/02/2014,
928,Beebe Medical Center,DE,2013,1883,Other,Laptop,21/02/2014,
929,St. Joseph Health System ,TX,2013,405000,Hacking/IT Incident,Network Server,11/02/2014,
930,"Min Yi, M.D.",CA,2013,4676,Theft,Other Portable Electronic Device,21/02/2014,
931,Easter Seal Society of Superior California,CA,2013,3026,Theft,Laptop,21/02/2014,
932,PruittHealth Pharmacy Services,GA,2013,841,Theft,Laptop,25/02/2014,
933,"RGH Enterprises, Inc.",OH,2013,4230,Theft,Network Server,24/06/2014,
934,Network Pharmacy Knoxville,TN,2013,9602,Theft,Laptop,11/02/2014,
935,Saint Francis Hospital and Medical Center,CT,2013,858,Theft,Paper,24/03/2014,
936,Health Dimensions,MI,2013,5370,Theft,Network Server,11/02/2014,
937,COMPLETE MEDICAL HOMECARE,KS,2013,1700,Unauthorized Access/Disclosure,Other Portable Electronic Device,11/02/2014,
938,Hospital for Special Surgery,NY,2013,937,Theft,"Desktop Computer, Paper",26/02/2014,
939,The Brooklyn Hospital Center,NY,2013,2172,Loss,Other Portable Electronic Device,24/02/2014,
940,Kmart Corporation,IL,2014,16446,Theft,"Other, Electronic Medical Record",24/03/2014,
941,WA State Department of Social & Health Services,WA,2013,3104,"Unauthorized Access/Disclosure, Other",Paper,21/04/2014,
942,"Lewis J. Sims, DPM, PC dba Sims and Associates Podiatry ",NY,2014,6475,"Theft, Other",Laptop,21/04/2014,
943,University of Miami,FL,2013,13074,Loss,Paper,21/04/2014,
944,"Supportive Concepts for Families, Inc.",PA,2013,593,Unauthorized Access/Disclosure,Network Server,24/02/2014,
945,Health Care Solutions at Home Inc.,OH,2013,1139,Other,Other,12/03/2014,
946,University of California Davis Medical Center,CA,2013,2269,Hacking/IT Incident,E-mail,21/04/2014,
947,"St. Vincent Hospital and Healthcare, Inc",IN,2013,1142,Theft,Laptop,12/03/2014,
948,Missouri Consolidated Health Care Plan,MO,2012,10024,Unauthorized Access/Disclosure,Network Server,12/03/2014,
949,The Clorox Company Group Insurance Plan,CA,2012,520,Unauthorized Access/Disclosure,Network Server,12/03/2014,
950,Regents of the University of Minnesota,MN,2012,4786,Unauthorized Access/Disclosure,Network Server,24/03/2014,
951,Inspira Health Network Inc.,NJ,2013,1411,Theft,Desktop Computer,12/03/2014,
952,"Nissan North America, Inc.",TN,2012,1511,Unauthorized Access/Disclosure,Network Server,12/03/2014,
953,"Care Advantage, Inc.",VA,2013,3458,Theft,Laptop,24/03/2014,
954,HealthSource of Ohio Inc.,OH,2013,8845,"Unauthorized Access/Disclosure, Other",Other,12/03/2014,
955,"The Kroger Co., for itself and its affiliates and subsidiaries",OH,2013,504,Other,Electronic Medical Record,21/04/2014,
956,"Cornerstone Health Care, PA",NC,2013,548,"Theft, Loss",Laptop,12/03/2014,
957,Joseph Michael Benson M.D,TX,2014,7500,Theft,Desktop Computer,24/03/2014,
958,All for Kids Pediatric Clinic,AR,2013,600,Other,Other,24/03/2014,
959,Eureka Internal Medicine,CA,2013,3534,Improper Disposal,Paper,24/03/2014,
960,Brazos Valley Pathology,TX,2013,3300,Hacking/IT Incident,Network Server,24/06/2014,
961,Banner Health,AZ,2014,55207,Other,Other,24/03/2014,
962,Monarch Women's Health,AL,2013,1145,Hacking/IT Incident,Network Server,02/06/2014,
963,"Punuru J.M. Reddy, MD, Inc.",AL,2013,1179,Hacking/IT Incident,Network Server,25/03/2014,
964,Iowa Dept. of Human Services,IA,2008,2042,Other,"Laptop, E-mail, Other Portable Electronic Device",21/04/2014,
965,City of Hope,CA,2014,5400,Theft,"Desktop Computer, E-mail",25/03/2014,
966,Mission City Community Network,CA,2013,7800,Theft,E-mail,21/04/2014,
967,"Partners In Nephrology & Endocrinology, P.C.",PA,2013,5000,Other,Other,24/03/2014,
968,"University of California, San Francisco",CA,2014,9861,Theft,Desktop Computer,31/03/2014,
969,Detroit Medical Center - Harper University Hospital,MI,2012,1087,"Theft, Unauthorized Access/Disclosure",Paper,06/05/2014,
970,"Todd M. Burton, M.D.",TX,2014,5000,Theft,Other,24/03/2014,
971,Valley View Hospital Association,CO,2013,5415,Other,"Laptop, Desktop Computer",21/04/2014,
972,Hospitalists of Arizona,AZ,2013,1706,Theft,Laptop,24/03/2014,
973,"McBroom Clinic, PA",TX,2014,2260,"Loss, Improper Disposal",Other Portable Electronic Device,21/04/2014,
974,"QBE Holdings, Inc.",NY,2012,1746,Unauthorized Access/Disclosure,Network Server,21/04/2014,
975,Berea College,KY,2012,1000,Other,Electronic Medical Record,21/04/2014,
976,"HealthPartners, Inc.",MN,2008,27839,"Loss, Unauthorized Access/Disclosure","Laptop, Desktop Computer, Other Portable Electronic Device",20/06/2014,
977,"Group Health Plan, Inc. Medical Benefit Plan",MN,2008,796,"Loss, Unauthorized Access/Disclosure","Laptop, Desktop Computer, Other Portable Electronic Device",21/04/2014,
978,State Employee Group Insurance Plan,MN,2008,1699,"Loss, Unauthorized Access/Disclosure","Laptop, Desktop Computer, Other Portable Electronic Device",21/04/2014,
979,University of Minnesota Employee Benefits,MN,2008,715,"Loss, Unauthorized Access/Disclosure","Laptop, Desktop Computer, Other Portable Electronic Device",21/04/2014,
980,San Francisco General Hospital & Trauma Center,CA,2014,55900,Theft,Desktop Computer,30/05/2014,
981,University of Kentucky UK HealthCare,KY,2014,1079,Theft,Laptop,21/04/2014,
982,Yellowstone Boys and Girls Ranch,MT,2013,543,Theft,Paper,24/06/2014,
983,"Orlando Health, Inc.",FL,2014,586,Loss,Other Portable Electronic Device,21/04/2014,
984,NOVA Chiropractic & Rehab Center,VA,2014,5534,"Loss, Other",Other Portable Electronic Device,21/04/2014,
985,Susquehanna Health,PA,2013,657,Unauthorized Access/Disclosure,E-mail,21/04/2014,
986,Jewish Hospital,KY,2014,2992,Other,E-mail,21/04/2014,
987,Franciscan Medical Group,WA,2014,8300,Other,E-mail,21/04/2014,
988,Palomar Health,CA,2014,5499,Theft,Other Portable Electronic Device,21/04/2014,
989,"Myriad Genetic Laboratories, Inc.",UT,2013,643,Unauthorized Access/Disclosure,E-mail,03/06/2014,
990,Medical Center of Plano,TX,2013,1000,Unauthorized Access/Disclosure,Other,03/06/2014,
991,Florida Healthy Kids Corporation,FL,2013,580,Unauthorized Access/Disclosure,Paper,21/04/2014,
992,"Midwest Orthopaedics at Rush, LLC",IL,2014,1256,Hacking/IT Incident,E-mail,21/04/2014,
993,Texas Health and Human Services Commission,TX,2014,2934,Theft,"Laptop, Desktop Computer, Other Portable Electronic Device",21/04/2014,
994,Kaiser Permanente Northern CA Department of Research,CA,2011,5178,Hacking/IT Incident,Network Server,02/06/2014,
995,Triple-S Salud ,PR,2013,5795,Theft,Other,24/06/2014,
996,American Health Inc. ,PR,2013,17776,Theft,Other,27/06/2014,
997,"State Long Term Care Ombudsman's Office, Michigan Department of Community Health",MI,2014,2595,Theft,Other Portable Electronic Device,21/04/2014,
998,County of Los Angeles,CA,2014,338700,Theft,"Desktop Computer, E-mail",21/04/2014,
999,Presence St. Joseph's Medical Center,IL,2013,836,Other,Paper,03/06/2014,
1000,"Clinical Reference Laboratory, Inc.",KS,2014,979,Loss,Paper,21/04/2014,
1001,Various Health Plans,CT,2014,527,Loss,Paper,27/06/2014,
1002,"Amerigroup Texas, Inc. ",VA,2012,75026,Theft,Paper,13/05/2014,
1003,BLUE CROSS AND BLUE SHIELD OF KANSAS CITY,MO,2013,2546,Unauthorized Access/Disclosure,Other,21/04/2014,
1004,"University Urology, P.C.",TN,2013,1144,Unauthorized Access/Disclosure,Paper,13/05/2014,
1005,"Healthy Connections, Inc",CA,2014,793,Loss,Other Portable Electronic Device,03/06/2014,
1006,Administracion de Seguros de Salud,PR,2013,46473,Theft,Other Portable Electronic Device,03/06/2014,
1007,Greenwood Leflore Hospital,MS,2014,3750,Theft,Other,09/05/2014,
1008,Maryland Developmental Disabilities Administration,MD,2013,10766,"Unauthorized Access/Disclosure, Hacking/IT Incident",Network Server,11/06/2014,
1009,Los Robles Hospital and Medical Center,CA,2014,2523,"Theft, Unauthorized Access/Disclosure",Paper,09/05/2014,
1010,Shaker Clinic,OH,2014,617,Loss,Paper,27/05/2014,
1011,VGM Homelink,IA,2014,1400,Other,Other,27/05/2014,
1012,Larsen Dental Care LLC,ID,2014,6900,Theft,Other Portable Electronic Device,27/05/2014,
1013,The Union Labor Life Insurance Company,MD,2014,46771,Theft,Laptop,27/05/2014,
1014,Coordinated Health,PA,2014,733,Theft,Laptop,29/05/2014,
1015,CENTURA HEALTH,CO,2014,12286,Hacking/IT Incident,E-mail,29/05/2014,
1016,"Ladies First Choice, Inc.",FL,2013,2365,"Theft, Unauthorized Access/Disclosure",Laptop,29/05/2014,
1017,"Tufts Associated Health Maintenance Organization, Inc. and Tufts Insurance Company ",MA,2014,8830,Theft,Other,09/05/2014,
1018,Developmental Disabilities Administration,MD,2014,2200,Unauthorized Access/Disclosure,Paper,29/05/2014,
1019,Willis North America Inc. Medical Expense Benefit Plan,NY,2014,4830,Unauthorized Access/Disclosure,E-mail,29/05/2014,
1020,Sorenson Communications/CaptionCall Group Health Plan,UT,2014,9800,Hacking/IT Incident,Network Server,27/05/2014,
1021,Baylor Medical Center at McKinney,TX,2014,1253,Hacking/IT Incident,E-mail,09/05/2014,
1022,Baylor Medical Center at Irving,TX,2014,2308,Hacking/IT Incident,E-mail,09/05/2014,
1023,Baylor Regional Medical Center at Plano,TX,2014,1981,Hacking/IT Incident,E-mail,07/05/2014,
1024,HealthTexas Provider Network,TX,2014,2742,Hacking/IT Incident,E-mail,07/05/2014,
1025,DeKalb Health,IN,2014,1361,Hacking/IT Incident,Network Server,27/05/2014,
1026,Iowa Medicaid Enterprise,IA,2014,862,Unauthorized Access/Disclosure,Paper,29/05/2014,
1027,Flowers Hospital,AL,2013,629,Theft,Paper,20/06/2014,
1028,Reading Health System,PA,2012,1845,Loss,Paper,27/05/2014,
1029,City of Cincinnati,OH,2014,5696,Other,Paper,07/05/2014,
1030,UMass Memorial Medical Center,MA,2002,2387,Unauthorized Access/Disclosure,"Electronic Medical Record, Paper",27/05/2014,
1031,The City of Henderson,KY,2012,1008,Other,E-mail,27/05/2014,
1032,Options Counseling Center,NJ,2011,2828,"Theft, Unauthorized Access/Disclosure",Paper,18/06/2014,
1033,"Molina Healthcare of California Partner Plan, Inc.",CA,2014,4744,Other,Paper,27/05/2014,
1034,Howard L. Weinstein D.P.M.,TX,2014,1000,Theft,Laptop,27/05/2014,
1035,"Bio-Reference Laboratories, Inc.",NJ,2014,1749,Other,Network Server,18/06/2014,
1036,American Health Inc. ,PR,2013,11531,Unauthorized Access/Disclosure,Paper,18/06/2014,
1037,Central City Concern,OR,2010,17914,Unauthorized Access/Disclosure,Other,18/06/2014,
1038,Blue Cross Blue Shield of Michigan/Blue Care Network,MI,2014,502,"Unauthorized Access/Disclosure, Hacking/IT Incident",E-mail,18/06/2014,
1039,Elliot Health System,NH,2014,1208,Theft,Desktop Computer,18/06/2014,
1040,Humana Inc [case #15381],KY,2014,2962,Theft,Other Portable Electronic Device,18/06/2014,
1041,Jamaica Hospital Medical Center,NY,2011,26162,Unauthorized Access/Disclosure,Desktop Computer,18/06/2014,
1042,Bay Park Hospital,OH,2013,594,Unauthorized Access/Disclosure,"Network Server, Electronic Medical Record",18/06/2014,
1043,Triple-S Salud ,PR,2013,56853,Unauthorized Access/Disclosure,Paper,18/06/2014,
1044,Aetna Life Insurance Company,CT,2014,3814,Theft,Laptop,18/06/2014,
1045,Salina Health Education Foundation dba Salina Family Healthcare Center,KS,2014,9640,Unauthorized Access/Disclosure,E-mail,20/06/2014,
1046,Highmark Inc.,PA,2014,2589,"Loss, Unauthorized Access/Disclosure",Paper,27/06/2014,
1047,Mark A. Gillispie,CA,2013,5845,Theft,Desktop Computer,27/06/2014,
1048,Penn State Milton S Hershey Medical Center,PA,2013,1801,Other,"E-mail, Other Portable Electronic Device",27/06/2014,
1049,Walgreen Co.,IL,2014,540,Theft,"Desktop Computer, Paper",20/06/2014,
1050,St. Francis Hospital,GA,2014,1175,Other,E-mail,18/06/2014,
1051,Puerto Rico Health Insurance ,PR,2013,28413,Theft,Other,27/06/2014,
1052,"Hospitalists of Brandon, LLC",FL,2014,1831,Hacking/IT Incident,Other,27/06/2014,
1053,Santa Rosa Memorial Hospital ,CA,2014,33702,"Theft, Loss",Other Portable Electronic Device,27/06/2014,
1054,Group Health Plan of Hurley Medical Center,MI,2014,2289,Unauthorized Access/Disclosure,E-mail,27/06/2014,
1055,"Abrham Tekola, M.D.,INC",CA,2014,5471,Theft,Desktop Computer,27/06/2014,